-- phpMyAdmin SQL Dump
-- version 5.2.0
-- https://www.phpmyadmin.net/
--
-- Servidor: 127.0.0.1
-- Tiempo de generaci칩n: 14-12-2022 a las 07:05:03
-- Versi칩n del servidor: 10.4.24-MariaDB
-- Versi칩n de PHP: 7.4.29

SET SQL_MODE = "NO_AUTO_VALUE_ON_ZERO";
START TRANSACTION;
SET time_zone = "+00:00";


/*!40101 SET @OLD_CHARACTER_SET_CLIENT=@@CHARACTER_SET_CLIENT */;
/*!40101 SET @OLD_CHARACTER_SET_RESULTS=@@CHARACTER_SET_RESULTS */;
/*!40101 SET @OLD_COLLATION_CONNECTION=@@COLLATION_CONNECTION */;
/*!40101 SET NAMES utf8mb4 */;

--
-- Base de datos: `pedidos`
--

-- --------------------------------------------------------

--
-- Estructura de tabla para la tabla `carrito`
--

CREATE TABLE `carrito` (
  `vendedor` varchar(50) NOT NULL,
  `cliente` varchar(50) NOT NULL,
  `idproducto` int(11) NOT NULL,
  `cantidad` int(11) NOT NULL,
  `usuario_creacion` varchar(50) NOT NULL,
  `fecha_creacion` datetime NOT NULL
) ENGINE=InnoDB DEFAULT CHARSET=utf8mb4;

--
-- Volcado de datos para la tabla `carrito`
--

INSERT INTO `carrito` (`vendedor`, `cliente`, `idproducto`, `cantidad`, `usuario_creacion`, `fecha_creacion`) VALUES
('admin', 'do침a', 9, 1, 'admin', '2022-12-10 19:13:26'),
('admin', 'hinata', 1, 1, 'admin', '2022-11-27 13:25:35'),
('admin', 'rosa', 1, 2, 'admin', '2022-11-26 20:45:25'),
('admin', 'rosa', 3, 1, 'admin', '2022-11-26 20:45:25');

-- --------------------------------------------------------

--
-- Estructura de tabla para la tabla `log_menu`
--

CREATE TABLE `log_menu` (
  `idlogmenu` int(11) NOT NULL,
  `ip` varchar(150) NOT NULL,
  `navegador` varchar(150) NOT NULL,
  `usuario` varchar(150) NOT NULL,
  `idmenu` int(11) NOT NULL,
  `nombre` varchar(150) NOT NULL,
  `ventana` varchar(150) NOT NULL,
  `fecha` datetime NOT NULL
) ENGINE=InnoDB DEFAULT CHARSET=utf8mb4;

--
-- Volcado de datos para la tabla `log_menu`
--

INSERT INTO `log_menu` (`idlogmenu`, `ip`, `navegador`, `usuario`, `idmenu`, `nombre`, `ventana`, `fecha`) VALUES
(1, '::1', 'Safari - 537.36', 'admin', 2, 'Inicio', 'Inicio', '2022-11-22 23:05:30'),
(2, '::1', 'Safari - 537.36', 'admin', 2, 'Inicio', 'Inicio', '2022-11-22 23:36:21'),
(3, '::1', 'Safari - 537.36', 'admin', 2, 'Inicio', 'Inicio', '2022-11-22 23:36:45'),
(4, '::1', 'Safari - 537.36', 'admin', 2, 'Inicio', 'Inicio', '2022-11-22 23:37:45'),
(5, '::1', 'Safari - 537.36', 'admin', 2, 'Inicio', 'Inicio', '2022-11-22 23:39:22'),
(6, '::1', 'Safari - 537.36', 'admin', 2, 'Inicio', 'Inicio', '2022-11-22 23:40:41'),
(7, '::1', 'Safari - 537.36', 'admin', 2, 'Inicio', 'Inicio', '2022-11-22 23:44:33'),
(8, '::1', 'Safari - 537.36', 'admin', 2, 'Inicio', 'Inicio', '2022-11-22 23:44:46'),
(9, '::1', 'Safari - 537.36', 'admin', 2, 'Inicio', 'Inicio', '2022-11-23 00:07:36'),
(10, '::1', 'Safari - 537.36', 'admin', 2, 'Inicio', 'Inicio', '2022-11-23 00:08:40'),
(11, '::1', 'Safari - 537.36', 'admin', 2, 'Inicio', 'Inicio', '2022-11-23 00:08:53'),
(12, '::1', 'Safari - 537.36', 'admin', 2, 'Inicio', 'Inicio', '2022-11-23 00:21:19'),
(13, '::1', 'Safari - 537.36', 'admin', 2, 'Inicio', 'Inicio', '2022-11-23 00:22:07'),
(14, '::1', 'Safari - 537.36', 'admin', 2, 'Inicio', 'Inicio', '2022-11-23 00:26:16'),
(15, '::1', 'Safari - 537.36', 'admin', 2, 'Inicio', 'Inicio', '2022-11-23 00:32:15'),
(16, '::1', 'Safari - 537.36', 'admin', 2, 'Inicio', 'Inicio', '2022-11-23 00:36:10'),
(17, '::1', 'Safari - 537.36', 'admin', 2, 'Inicio', 'Inicio', '2022-11-23 00:38:36'),
(18, '::1', 'Safari - 537.36', 'admin', 2, 'Inicio', 'Inicio', '2022-11-23 00:40:31'),
(19, '::1', 'Safari - 537.36', 'admin', 2, 'Inicio', 'Inicio', '2022-11-23 00:41:03'),
(20, '::1', 'Safari - 537.36', 'admin', 2, 'Inicio', 'Inicio', '2022-11-23 01:23:22'),
(21, '::1', 'Safari - 537.36', 'admin', 2, 'Inicio', 'Inicio', '2022-11-23 01:25:02'),
(22, '::1', 'Safari - 537.36', 'admin', 2, 'Inicio', 'Inicio', '2022-11-23 01:30:12'),
(23, '::1', 'Safari - 537.36', 'admin', 2, 'Inicio', 'Inicio', '2022-11-23 01:32:12'),
(24, '::1', 'Safari - 537.36', 'admin', 2, 'Inicio', 'Inicio', '2022-11-23 01:32:37'),
(25, '::1', 'Safari - 537.36', 'admin', 2, 'Inicio', 'Inicio', '2022-11-23 01:41:09'),
(26, '::1', 'Safari - 537.36', 'admin', 2, 'Inicio', 'Inicio', '2022-11-23 01:41:29'),
(27, '::1', 'Safari - 537.36', 'admin', 2, 'Inicio', 'Inicio', '2022-11-23 02:01:02'),
(28, '::1', 'Safari - 537.36', 'admin', 2, 'Inicio', 'Inicio', '2022-11-23 02:01:54'),
(29, '::1', 'Safari - 537.36', 'admin', 2, 'Inicio', 'Inicio', '2022-11-23 02:02:05'),
(30, '::1', 'Safari - 537.36', 'admin', 2, 'Inicio', 'Inicio', '2022-11-23 06:25:41'),
(31, '::1', 'Safari - 537.36', 'admin', 2, 'Inicio', 'Inicio', '2022-11-23 06:28:48'),
(32, '::1', 'Safari - 537.36', 'admin', 2, 'Inicio', 'Inicio', '2022-11-23 06:31:09'),
(33, '::1', 'Safari - 537.36', 'admin', 2, 'Inicio', 'Inicio', '2022-11-23 06:33:34'),
(34, '::1', 'Safari - 537.36', 'admin', 2, 'Inicio', 'Inicio', '2022-11-23 06:36:17'),
(35, '::1', 'Safari - 537.36', 'admin', 2, 'Inicio', 'Inicio', '2022-11-23 06:36:27'),
(36, '::1', 'Safari - 537.36', 'admin', 2, 'Inicio', 'Inicio', '2022-11-23 06:36:30'),
(37, '::1', 'Safari - 537.36', 'admin', 2, 'Inicio', 'Inicio', '2022-11-23 06:36:40'),
(38, '::1', 'Safari - 537.36', 'admin', 2, 'Inicio', 'Inicio', '2022-11-23 06:46:17'),
(39, '::1', 'Safari - 537.36', 'admin', 2, 'Inicio', 'Inicio', '2022-11-23 06:47:50'),
(40, '::1', 'Safari - 537.36', 'admin', 2, 'Inicio', 'Inicio', '2022-11-23 06:48:54'),
(41, '::1', 'Safari - 537.36', 'admin', 2, 'Inicio', 'Inicio', '2022-11-23 06:50:33'),
(42, '::1', 'Safari - 537.36', 'admin', 2, 'Inicio', 'Inicio', '2022-11-23 06:53:12'),
(43, '::1', 'Safari - 537.36', 'admin', 2, 'Inicio', 'Inicio', '2022-11-23 06:54:00'),
(44, '::1', 'Safari - 537.36', 'admin', 2, 'Inicio', 'Inicio', '2022-11-23 06:54:30'),
(45, '::1', 'Safari - 537.36', 'admin', 2, 'Inicio', 'Inicio', '2022-11-23 07:38:34'),
(46, '::1', 'Safari - 537.36', 'admin', 2, 'Inicio', 'Inicio', '2022-11-23 07:39:44'),
(47, '::1', 'Safari - 537.36', 'admin', 2, 'Inicio', 'Inicio', '2022-11-23 07:42:28'),
(48, '::1', 'Safari - 537.36', 'admin', 2, 'Inicio', 'Inicio', '2022-11-23 07:43:34'),
(49, '::1', 'Safari - 537.36', 'admin', 2, 'Inicio', 'Inicio', '2022-11-23 07:54:23'),
(50, '::1', 'Safari - 537.36', 'admin', 2, 'Inicio', 'Inicio', '2022-11-23 07:57:08'),
(51, '::1', 'Safari - 537.36', 'admin', 2, 'Inicio', 'Inicio', '2022-11-23 08:06:28'),
(52, '::1', 'Safari - 537.36', 'admin', 2, 'Inicio', 'Inicio', '2022-11-23 08:06:30'),
(53, '::1', 'Safari - 537.36', 'admin', 2, 'Inicio', 'Inicio', '2022-11-23 08:06:45'),
(54, '::1', 'Safari - 537.36', 'admin', 2, 'Inicio', 'Inicio', '2022-11-23 08:09:07'),
(55, '::1', 'Safari - 537.36', 'admin', 2, 'Inicio', 'Inicio', '2022-11-23 08:09:40'),
(56, '::1', 'Safari - 537.36', 'admin', 2, 'Inicio', 'Inicio', '2022-11-23 08:10:50'),
(57, '::1', 'Safari - 537.36', 'admin', 2, 'Inicio', 'Inicio', '2022-11-23 08:10:52'),
(58, '::1', 'Safari - 537.36', 'admin', 2, 'Inicio', 'Inicio', '2022-11-23 08:11:05'),
(59, '::1', 'Safari - 537.36', 'admin', 2, 'Inicio', 'Inicio', '2022-11-23 08:11:11'),
(60, '::1', 'Safari - 537.36', 'admin', 2, 'Inicio', 'Inicio', '2022-11-23 08:11:19'),
(61, '::1', 'Safari - 537.36', 'admin', 2, 'Inicio', 'Inicio', '2022-11-23 08:11:22'),
(62, '::1', 'Safari - 537.36', 'admin', 2, 'Inicio', 'Inicio', '2022-11-23 08:14:09'),
(63, '::1', 'Safari - 537.36', 'admin', 2, 'Inicio', 'Inicio', '2022-11-23 08:14:21'),
(64, '::1', 'Safari - 537.36', 'admin', 2, 'Inicio', 'Inicio', '2022-11-23 08:14:38'),
(65, '::1', 'Safari - 537.36', 'admin', 2, 'Inicio', 'Inicio', '2022-11-23 08:17:03'),
(66, '::1', 'Safari - 537.36', 'admin', 2, 'Inicio', 'Inicio', '2022-11-23 08:17:05'),
(67, '::1', 'Safari - 537.36', 'admin', 2, 'Inicio', 'Inicio', '2022-11-23 08:17:10'),
(68, '::1', 'Safari - 537.36', 'admin', 2, 'Inicio', 'Inicio', '2022-11-23 08:17:12'),
(69, '::1', 'Safari - 537.36', 'admin', 2, 'Inicio', 'Inicio', '2022-11-23 08:18:40'),
(70, '::1', 'Safari - 537.36', 'admin', 2, 'Inicio', 'Inicio', '2022-11-23 08:26:20'),
(71, '::1', 'Safari - 537.36', 'admin', 2, 'Inicio', 'Inicio', '2022-11-23 08:26:27'),
(72, '::1', 'Safari - 537.36', 'admin', 2, 'Inicio', 'Inicio', '2022-11-23 08:29:42'),
(73, '::1', 'Safari - 537.36', 'admin', 2, 'Inicio', 'Inicio', '2022-11-23 08:30:57'),
(74, '::1', 'Safari - 537.36', 'admin', 2, 'Inicio', 'Inicio', '2022-11-23 08:31:12'),
(75, '::1', 'Safari - 537.36', 'admin', 2, 'Inicio', 'Inicio', '2022-11-23 08:33:33'),
(76, '::1', 'Safari - 537.36', 'admin', 2, 'Inicio', 'Inicio', '2022-11-23 08:33:34'),
(77, '::1', 'Safari - 537.36', 'admin', 2, 'Inicio', 'Inicio', '2022-11-23 08:33:40'),
(78, '::1', 'Safari - 537.36', 'admin', 2, 'Inicio', 'Inicio', '2022-11-23 08:34:19'),
(79, '::1', 'Safari - 537.36', 'admin', 2, 'Inicio', 'Inicio', '2022-11-23 08:37:19'),
(80, '::1', 'Safari - 537.36', 'admin', 2, 'Inicio', 'Inicio', '2022-11-23 08:38:21'),
(81, '::1', 'Safari - 537.36', 'admin', 2, 'Inicio', 'Inicio', '2022-11-23 08:38:41'),
(82, '::1', 'Safari - 537.36', 'admin', 2, 'Inicio', 'Inicio', '2022-11-23 08:41:00'),
(83, '::1', 'Safari - 537.36', 'admin', 2, 'Inicio', 'Inicio', '2022-11-23 08:41:33'),
(84, '::1', 'Safari - 537.36', 'admin', 2, 'Inicio', 'Inicio', '2022-11-23 08:42:59'),
(85, '::1', 'Safari - 537.36', 'admin', 2, 'Inicio', 'Inicio', '2022-11-23 08:44:04'),
(86, '::1', 'Safari - 537.36', 'admin', 2, 'Inicio', 'Inicio', '2022-11-23 08:46:32'),
(87, '::1', 'Safari - 537.36', 'admin', 2, 'Inicio', 'Inicio', '2022-11-23 08:46:46'),
(88, '::1', 'Safari - 537.36', 'admin', 2, 'Inicio', 'Inicio', '2022-11-23 08:48:17'),
(89, '::1', 'Safari - 537.36', 'admin', 2, 'Inicio', 'Inicio', '2022-11-23 08:49:24'),
(90, '::1', 'Safari - 537.36', 'admin', 2, 'Inicio', 'Inicio', '2022-11-23 08:53:27'),
(91, '::1', 'Safari - 537.36', 'admin', 2, 'Inicio', 'Inicio', '2022-11-23 08:57:07'),
(92, '::1', 'Safari - 537.36', 'admin', 2, 'Inicio', 'Inicio', '2022-11-23 08:57:12'),
(93, '::1', 'Safari - 537.36', 'admin', 2, 'Inicio', 'Inicio', '2022-11-23 08:58:22'),
(94, '::1', 'Safari - 537.36', 'admin', 2, 'Inicio', 'Inicio', '2022-11-23 08:58:57'),
(95, '::1', 'Safari - 537.36', 'admin', 2, 'Inicio', 'Inicio', '2022-11-23 09:00:54'),
(96, '::1', 'Safari - 537.36', 'admin', 2, 'Inicio', 'Inicio', '2022-11-23 09:01:40'),
(97, '::1', 'Safari - 537.36', 'admin', 2, 'Inicio', 'Inicio', '2022-11-23 09:02:12'),
(98, '::1', 'Safari - 537.36', 'admin', 2, 'Inicio', 'Inicio', '2022-11-23 09:02:25'),
(99, '::1', 'Safari - 537.36', 'admin', 2, 'Inicio', 'Inicio', '2022-11-23 09:04:10'),
(100, '::1', 'Safari - 537.36', 'admin', 2, 'Inicio', 'Inicio', '2022-11-23 09:05:00'),
(101, '::1', 'Safari - 537.36', 'admin', 2, 'Inicio', 'Inicio', '2022-11-23 09:05:28'),
(102, '::1', 'Safari - 537.36', 'admin', 2, 'Inicio', 'Inicio', '2022-11-23 09:06:10'),
(103, '::1', 'Safari - 537.36', 'admin', 2, 'Inicio', 'Inicio', '2022-11-23 09:06:25'),
(104, '::1', 'Safari - 537.36', 'admin', 2, 'Inicio', 'Inicio', '2022-11-23 09:09:16'),
(105, '::1', 'Safari - 537.36', 'admin', 2, 'Inicio', 'Inicio', '2022-11-23 09:36:45'),
(106, '::1', 'Safari - 537.36', 'admin', 2, 'Inicio', 'Inicio', '2022-11-23 09:39:03'),
(107, '::1', 'Safari - 537.36', 'admin', 2, 'Inicio', 'Inicio', '2022-11-23 11:04:33'),
(108, '::1', 'Safari - 537.36', 'admin', 2, 'Inicio', 'Inicio', '2022-11-23 11:13:47'),
(109, '::1', 'Safari - 537.36', 'admin', 2, 'Inicio', 'Inicio', '2022-11-23 11:13:56'),
(110, '::1', 'Safari - 537.36', 'admin', 2, 'Inicio', 'Inicio', '2022-11-23 11:14:17'),
(111, '::1', 'Safari - 537.36', 'admin', 2, 'Inicio', 'Inicio', '2022-11-23 11:14:59'),
(112, '::1', 'Safari - 537.36', 'admin', 2, 'Inicio', 'Inicio', '2022-11-23 11:15:46'),
(113, '::1', 'Safari - 537.36', 'admin', 2, 'Inicio', 'Inicio', '2022-11-23 11:16:05'),
(114, '::1', 'Safari - 537.36', 'admin', 2, 'Inicio', 'Inicio', '2022-11-23 11:17:37'),
(115, '::1', 'Safari - 537.36', 'admin', 2, 'Inicio', 'Inicio', '2022-11-23 11:19:36'),
(116, '::1', 'Safari - 537.36', 'admin', 2, 'Inicio', 'Inicio', '2022-11-23 11:30:23'),
(117, '::1', 'Safari - 537.36', 'admin', 4, 'Accesos', 'accesos', '2022-11-23 11:30:54'),
(118, '::1', 'Safari - 537.36', 'admin', 4, 'Accesos', 'accesos', '2022-11-23 11:38:45'),
(119, '::1', 'Safari - 537.36', 'admin', 4, 'Accesos', 'accesos', '2022-11-23 11:39:16'),
(120, '::1', 'Safari - 537.36', 'admin', 4, 'Accesos', 'accesos', '2022-11-23 11:39:40'),
(121, '::1', 'Safari - 537.36', 'admin', 2, 'Inicio', 'Inicio', '2022-11-23 11:40:27'),
(122, '::1', 'Safari - 537.36', 'admin', 2, 'Inicio', 'Inicio', '2022-11-23 11:40:38'),
(123, '::1', 'Safari - 537.36', 'admin', 4, 'Accesos', 'accesos', '2022-11-23 11:40:47'),
(124, '::1', 'Safari - 537.36', 'admin', 4, 'Accesos', 'accesos', '2022-11-23 11:44:02'),
(125, '::1', 'Safari - 537.36', 'admin', 2, 'Inicio', 'Inicio', '2022-11-23 11:49:21'),
(126, '::1', 'Safari - 537.36', 'admin', 2, 'Inicio', 'Inicio', '2022-11-23 11:49:43'),
(127, '::1', 'Safari - 537.36', 'admin', 2, 'Inicio', 'Inicio', '2022-11-23 11:49:52'),
(128, '::1', 'Safari - 537.36', 'admin', 4, 'Accesos', 'accesos', '2022-11-23 11:49:57'),
(129, '::1', 'Safari - 537.36', 'admin', 4, 'Accesos', 'accesos', '2022-11-23 11:57:25'),
(130, '::1', 'Safari - 537.36', 'admin', 4, 'Accesos', 'accesos', '2022-11-23 11:57:33'),
(131, '::1', 'Safari - 537.36', 'admin', 4, 'Accesos', 'accesos', '2022-11-23 11:57:37'),
(132, '::1', 'Safari - 537.36', 'admin', 4, 'Accesos', 'accesos', '2022-11-23 11:58:15'),
(133, '::1', 'Safari - 537.36', 'admin', 2, 'Inicio', 'Inicio', '2022-11-23 11:58:22'),
(134, '::1', 'Safari - 537.36', 'admin', 4, 'Accesos', 'accesos', '2022-11-23 11:58:27'),
(135, '::1', 'Safari - 537.36', 'admin', 4, 'Accesos', 'accesos', '2022-11-23 11:58:36'),
(136, '::1', 'Safari - 537.36', 'admin', 4, 'Accesos', 'accesos', '2022-11-23 11:58:39'),
(137, '::1', 'Safari - 537.36', 'admin', 4, 'Accesos', 'accesos', '2022-11-23 11:58:45'),
(138, '::1', 'Safari - 537.36', 'admin', 4, 'Accesos', 'accesos', '2022-11-23 12:09:33'),
(139, '::1', 'Safari - 537.36', 'admin', 4, 'Accesos', 'accesos', '2022-11-23 12:23:36'),
(140, '::1', 'Safari - 537.36', 'admin', 4, 'Accesos', 'accesos', '2022-11-23 12:23:39'),
(141, '::1', 'Safari - 537.36', 'admin', 2, 'Inicio', 'Inicio', '2022-11-23 12:23:40'),
(142, '::1', 'Safari - 537.36', 'admin', 4, 'Accesos', 'accesos', '2022-11-23 12:23:47'),
(143, '::1', 'Safari - 537.36', 'admin', 4, 'Accesos', 'accesos', '2022-11-23 12:47:26'),
(144, '::1', 'Safari - 537.36', 'admin', 4, 'Accesos', 'accesos', '2022-11-23 12:47:32'),
(145, '::1', 'Safari - 537.36', 'admin', 4, 'Accesos', 'accesos', '2022-11-23 12:57:30'),
(146, '::1', 'Safari - 537.36', 'admin', 4, 'Accesos', 'accesos', '2022-11-23 12:57:39'),
(147, '::1', 'Safari - 537.36', 'admin', 4, 'Accesos', 'accesos', '2022-11-23 12:57:50'),
(148, '::1', 'Safari - 537.36', 'admin', 4, 'Accesos', 'accesos', '2022-11-23 12:57:55'),
(149, '::1', 'Safari - 537.36', 'admin', 4, 'Accesos', 'accesos', '2022-11-23 13:00:04'),
(150, '::1', 'Safari - 537.36', 'admin', 4, 'Accesos', 'accesos', '2022-11-23 13:00:09'),
(151, '::1', 'Safari - 537.36', 'admin', 4, 'Accesos', 'accesos', '2022-11-23 13:01:28'),
(152, '::1', 'Safari - 537.36', 'admin', 4, 'Accesos', 'accesos', '2022-11-23 13:01:34'),
(153, '::1', 'Safari - 537.36', 'admin', 2, 'Inicio', 'Inicio', '2022-11-23 13:07:50'),
(154, '::1', 'Safari - 537.36', 'admin', 4, 'Accesos', 'accesos', '2022-11-23 13:07:53'),
(155, '::1', 'Safari - 537.36', 'admin', 4, 'Accesos', 'accesos', '2022-11-23 13:08:01'),
(156, '::1', 'Safari - 537.36', 'admin', 4, 'Accesos', 'accesos', '2022-11-23 13:08:32'),
(157, '::1', 'Safari - 537.36', 'admin', 2, 'Inicio', 'Inicio', '2022-11-23 13:52:10'),
(158, '::1', 'Safari - 537.36', 'admin', 2, 'Inicio', 'Inicio', '2022-11-23 13:52:33'),
(159, '::1', 'Safari - 537.36', 'admin', 2, 'Inicio', 'Inicio', '2022-11-23 13:52:46'),
(160, '::1', 'Safari - 537.36', 'admin', 4, 'Accesos', 'accesos', '2022-11-23 13:52:49'),
(161, '::1', 'Safari - 537.36', 'admin', 2, 'Inicio', 'Inicio', '2022-11-23 13:53:40'),
(162, '::1', 'Safari - 537.36', 'admin', 2, 'Inicio', 'Inicio', '2022-11-24 11:42:40'),
(163, '::1', 'Safari - 537.36', 'admin', 2, 'Inicio', 'Inicio', '2022-11-24 11:42:44'),
(164, '::1', 'Safari - 537.36', 'admin', 4, 'Accesos', 'accesos', '2022-11-24 11:42:47'),
(165, '::1', 'Safari - 537.36', 'admin', 2, 'Inicio', 'Inicio', '2022-11-24 11:42:53'),
(166, '::1', 'Safari - 537.36', 'admin', 2, 'Inicio', 'Inicio', '2022-11-24 11:42:56'),
(167, '::1', 'Safari - 537.36', 'admin', 4, 'Accesos', 'accesos', '2022-11-24 11:46:29'),
(168, '::1', 'Safari - 537.36', 'admin', 2, 'Inicio', 'Inicio', '2022-11-24 11:46:31'),
(169, '::1', 'Safari - 537.36', 'admin', 2, 'Inicio', 'Inicio', '2022-11-24 11:49:23'),
(170, '::1', 'Safari - 537.36', 'admin', 2, 'Inicio', 'Inicio', '2022-11-24 11:49:36'),
(171, '::1', 'Safari - 537.36', 'admin', 2, 'Inicio', 'Inicio', '2022-11-24 11:49:36'),
(172, '::1', 'Safari - 537.36', 'admin', 4, 'Accesos', 'accesos', '2022-11-24 11:49:39'),
(173, '::1', 'Safari - 537.36', 'admin', 2, 'Inicio', 'Inicio', '2022-11-24 11:49:41'),
(174, '::1', 'Safari - 537.36', 'admin', 2, 'Inicio', 'Inicio', '2022-11-24 12:04:16'),
(175, '::1', 'Safari - 537.36', 'admin', 2, 'Inicio', 'Inicio', '2022-11-24 12:04:36'),
(176, '::1', 'Safari - 537.36', 'admin', 2, 'Inicio', 'Inicio', '2022-11-24 12:04:40'),
(177, '::1', 'Safari - 537.36', 'admin', 2, 'Inicio', 'Inicio', '2022-11-24 12:04:45'),
(178, '::1', 'Safari - 537.36', 'admin', 2, 'Inicio', 'Inicio', '2022-11-24 12:08:07'),
(179, '::1', 'Safari - 537.36', 'admin', 2, 'Inicio', 'Inicio', '2022-11-24 12:12:34'),
(180, '::1', 'Safari - 537.36', 'admin', 2, 'Inicio', 'Inicio', '2022-11-24 12:12:47'),
(181, '::1', 'Safari - 537.36', 'admin', 2, 'Inicio', 'Inicio', '2022-11-24 12:13:49'),
(182, '::1', 'Safari - 537.36', 'admin', 2, 'Inicio', 'Inicio', '2022-11-24 12:13:49'),
(183, '::1', 'Safari - 537.36', 'admin', 2, 'Inicio', 'Inicio', '2022-11-24 12:14:28'),
(184, '::1', 'Safari - 537.36', 'admin', 2, 'Inicio', 'Inicio', '2022-11-24 12:14:44'),
(185, '::1', 'Safari - 537.36', 'admin', 4, 'Accesos', 'accesos', '2022-11-24 12:14:51'),
(186, '::1', 'Safari - 537.36', 'admin', 2, 'Inicio', 'Inicio', '2022-11-24 12:16:42'),
(187, '::1', 'Safari - 537.36', 'admin', 2, 'Inicio', 'Inicio', '2022-11-24 12:17:22'),
(188, '::1', 'Safari - 537.36', 'admin', 2, 'Inicio', 'Inicio', '2022-11-24 12:17:34'),
(189, '::1', 'Safari - 537.36', 'admin', 2, 'Inicio', 'Inicio', '2022-11-24 12:18:45'),
(190, '::1', 'Safari - 537.36', 'admin', 2, 'Inicio', 'Inicio', '2022-11-24 12:19:30'),
(191, '::1', 'Safari - 537.36', 'admin', 2, 'Inicio', 'Inicio', '2022-11-24 12:19:47'),
(192, '::1', 'Safari - 537.36', 'admin', 2, 'Inicio', 'Inicio', '2022-11-24 12:20:12'),
(193, '::1', 'Safari - 537.36', 'admin', 4, 'Accesos', 'accesos', '2022-11-24 12:20:17'),
(194, '::1', 'Safari - 537.36', 'admin', 4, 'Accesos', 'accesos', '2022-11-24 12:20:22'),
(195, '::1', 'Safari - 537.36', 'admin', 2, 'Inicio', 'Inicio', '2022-11-24 12:20:33'),
(196, '::1', 'Safari - 537.36', 'admin', 2, 'Inicio', 'Inicio', '2022-11-24 12:21:43'),
(197, '::1', 'Safari - 537.36', 'admin', 4, 'Accesos', 'accesos', '2022-11-24 12:21:50'),
(198, '::1', 'Safari - 537.36', 'admin', 4, 'Accesos', 'accesos', '2022-11-24 12:28:12'),
(199, '::1', 'Safari - 537.36', 'admin', 2, 'Inicio', 'Inicio', '2022-11-24 12:28:22'),
(200, '::1', 'Safari - 537.36', 'admin', 2, 'Inicio', 'Inicio', '2022-11-24 12:28:26'),
(201, '::1', 'Safari - 537.36', 'admin', 2, 'Inicio', 'Inicio', '2022-11-24 12:31:09'),
(202, '::1', 'Safari - 537.36', 'admin', 4, 'Accesos', 'accesos', '2022-11-24 12:31:25'),
(203, '::1', 'Safari - 537.36', 'admin', 2, 'Inicio', 'Inicio', '2022-11-24 12:32:27'),
(204, '::1', 'Safari - 537.36', 'admin', 2, 'Inicio', 'Inicio', '2022-11-24 12:33:07'),
(205, '::1', 'Safari - 537.36', 'admin', 4, 'Accesos', 'accesos', '2022-11-24 12:39:29'),
(206, '::1', 'Safari - 537.36', 'admin', 4, 'Accesos', 'accesos', '2022-11-24 12:39:44'),
(207, '::1', 'Safari - 537.36', 'admin', 2, 'Inicio', 'Inicio', '2022-11-24 12:39:59'),
(208, '::1', 'Safari - 537.36', 'admin', 4, 'Accesos', 'accesos', '2022-11-24 12:40:07'),
(209, '::1', 'Safari - 537.36', 'admin', 4, 'Accesos', 'accesos', '2022-11-24 12:40:31'),
(210, '::1', 'Safari - 537.36', 'admin', 2, 'Inicio', 'Inicio', '2022-11-24 12:40:36'),
(211, '::1', 'Safari - 537.36', 'admin', 2, 'Inicio', 'Inicio', '2022-11-24 12:40:39'),
(212, '::1', 'Safari - 537.36', 'admin', 2, 'Inicio', 'Inicio', '2022-11-24 12:49:07'),
(213, '::1', 'Safari - 537.36', 'admin', 2, 'Inicio', 'Inicio', '2022-11-24 12:54:06'),
(214, '::1', 'Safari - 537.36', 'admin', 2, 'Inicio', 'Inicio', '2022-11-24 12:54:42'),
(215, '::1', 'Safari - 537.36', 'admin', 4, 'Accesos', 'accesos', '2022-11-24 12:54:50'),
(216, '::1', 'Safari - 537.36', 'admin', 2, 'Inicio', 'Inicio', '2022-11-24 12:54:59'),
(217, '::1', 'Safari - 537.36', 'admin', 2, 'Inicio', 'Inicio', '2022-11-24 12:58:13'),
(218, '::1', 'Safari - 537.36', 'admin', 2, 'Inicio', 'Inicio', '2022-11-24 13:02:26'),
(219, '::1', 'Safari - 537.36', 'admin', 2, 'Inicio', 'Inicio', '2022-11-24 13:04:52'),
(220, '::1', 'Safari - 537.36', 'admin', 2, 'Inicio', 'Inicio', '2022-11-24 13:04:52'),
(221, '::1', 'Safari - 537.36', 'admin', 2, 'Inicio', 'Inicio', '2022-11-24 13:09:33'),
(222, '::1', 'Safari - 537.36', 'admin', 2, 'Inicio', 'Inicio', '2022-11-24 13:34:12'),
(223, '::1', 'Safari - 537.36', 'admin', 4, 'Accesos', 'accesos', '2022-11-24 13:34:15'),
(224, '::1', 'Safari - 537.36', 'admin', 4, 'Accesos', 'accesos', '2022-11-24 13:34:28'),
(225, '::1', 'Safari - 537.36', 'admin', 4, 'Accesos', 'accesos', '2022-11-24 13:34:34'),
(226, '::1', 'Safari - 537.36', 'admin', 4, 'Accesos', 'accesos', '2022-11-24 13:34:38'),
(227, '::1', 'Safari - 537.36', 'admin', 4, 'Accesos', 'accesos', '2022-11-24 13:43:57'),
(228, '::1', 'Safari - 537.36', 'admin', 4, 'Accesos', 'accesos', '2022-11-24 13:45:31'),
(229, '::1', 'Safari - 537.36', 'admin', 4, 'Accesos', 'accesos', '2022-11-24 13:45:57'),
(230, '::1', 'Safari - 537.36', 'admin', 2, 'Inicio', 'Inicio', '2022-11-24 13:49:53'),
(231, '::1', 'Safari - 537.36', 'admin', 2, 'Inicio', 'Inicio', '2022-11-24 13:56:36'),
(232, '::1', 'Safari - 537.36', 'admin', 2, 'Inicio', 'Inicio', '2022-11-24 13:58:25'),
(233, '::1', 'Safari - 537.36', 'admin', 4, 'Accesos', 'accesos', '2022-11-24 13:58:30'),
(234, '::1', 'Safari - 537.36', 'admin', 4, 'Accesos', 'accesos', '2022-11-24 13:58:32'),
(235, '::1', 'Safari - 537.36', 'admin', 4, 'Accesos', 'accesos', '2022-11-24 13:59:38'),
(236, '::1', 'Safari - 537.36', 'admin', 2, 'Inicio', 'Inicio', '2022-11-24 13:59:50'),
(237, '::1', 'Safari - 537.36', 'admin', 2, 'Inicio', 'Inicio', '2022-11-24 19:30:58'),
(238, '::1', 'Safari - 537.36', 'admin', 2, 'Inicio', 'Inicio', '2022-11-24 19:31:22'),
(239, '::1', 'Safari - 537.36', 'admin', 2, 'Inicio', 'Inicio', '2022-11-24 19:31:39'),
(240, '::1', 'Safari - 537.36', 'admin', 2, 'Inicio', 'Inicio', '2022-11-24 19:52:01'),
(241, '::1', 'Safari - 537.36', 'admin', 2, 'Inicio', 'Inicio', '2022-11-24 19:52:19'),
(242, '::1', 'Safari - 537.36', 'admin', 2, 'Inicio', 'Inicio', '2022-11-24 19:53:17'),
(243, '::1', 'Safari - 537.36', 'admin', 2, 'Inicio', 'Inicio', '2022-11-24 19:55:44'),
(244, '::1', 'Safari - 537.36', 'admin', 2, 'Inicio', 'Inicio', '2022-11-24 19:56:38'),
(245, '::1', 'Safari - 537.36', 'admin', 2, 'Inicio', 'Inicio', '2022-11-24 19:57:03'),
(246, '::1', 'Safari - 537.36', 'admin', 2, 'Inicio', 'Inicio', '2022-11-24 19:57:12'),
(247, '::1', 'Safari - 537.36', 'admin', 4, 'Accesos', 'accesos', '2022-11-24 19:57:27'),
(248, '::1', 'Safari - 537.36', 'admin', 2, 'Inicio', 'Inicio', '2022-11-24 19:57:34'),
(249, '::1', 'Safari - 537.36', 'admin', 2, 'Inicio', 'Inicio', '2022-11-24 20:06:10'),
(250, '::1', 'Safari - 537.36', 'admin', 4, 'Accesos', 'accesos', '2022-11-24 20:06:51'),
(251, '::1', 'Safari - 537.36', 'admin', 2, 'Inicio', 'Inicio', '2022-11-24 20:07:01'),
(252, '::1', 'Safari - 537.36', 'admin', 2, 'Inicio', 'Inicio', '2022-11-24 20:18:07'),
(253, '::1', 'Safari - 537.36', 'admin', 2, 'Inicio', 'Inicio', '2022-11-24 20:18:25'),
(254, '::1', 'Safari - 537.36', 'admin', 2, 'Inicio', 'Inicio', '2022-11-24 20:20:18'),
(255, '::1', 'Safari - 537.36', 'admin', 2, 'Inicio', 'Inicio', '2022-11-24 20:21:02'),
(256, '::1', 'Safari - 537.36', 'admin', 2, 'Inicio', 'Inicio', '2022-11-24 20:23:40'),
(257, '::1', 'Safari - 537.36', 'admin', 2, 'Inicio', 'Inicio', '2022-11-24 20:23:52'),
(258, '::1', 'Safari - 537.36', 'admin', 2, 'Inicio', 'Inicio', '2022-11-24 20:24:41'),
(259, '::1', 'Safari - 537.36', 'admin', 4, 'Accesos', 'accesos', '2022-11-24 20:25:28'),
(260, '::1', 'Safari - 537.36', 'admin', 4, 'Accesos', 'accesos', '2022-11-24 20:33:25'),
(261, '::1', 'Safari - 537.36', 'admin', 4, 'Accesos', 'accesos', '2022-11-24 20:33:50'),
(262, '::1', 'Safari - 537.36', 'admin', 4, 'Accesos', 'accesos', '2022-11-24 20:34:34'),
(263, '::1', 'Safari - 537.36', 'admin', 4, 'Accesos', 'accesos', '2022-11-24 20:34:36'),
(264, '::1', 'Safari - 537.36', 'admin', 4, 'Accesos', 'accesos', '2022-11-24 20:34:41'),
(265, '::1', 'Safari - 537.36', 'admin', 4, 'Accesos', 'accesos', '2022-11-24 20:35:00'),
(266, '::1', 'Safari - 537.36', 'admin', 4, 'Accesos', 'accesos', '2022-11-24 20:36:32'),
(267, '::1', 'Safari - 537.36', 'admin', 4, 'Accesos', 'accesos', '2022-11-24 20:37:07'),
(268, '::1', 'Safari - 537.36', 'admin', 4, 'Accesos', 'accesos', '2022-11-24 20:42:56'),
(269, '::1', 'Safari - 537.36', 'admin', 2, 'Inicio', 'Inicio', '2022-11-24 20:49:33'),
(270, '::1', 'Safari - 537.36', 'admin', 4, 'Accesos', 'accesos', '2022-11-24 20:49:39'),
(271, '::1', 'Safari - 537.36', 'admin', 4, 'Accesos', 'accesos', '2022-11-24 20:54:34'),
(272, '::1', 'Safari - 537.36', 'admin', 4, 'Accesos', 'accesos', '2022-11-24 20:54:41'),
(273, '::1', 'Safari - 537.36', 'admin', 4, 'Accesos', 'accesos', '2022-11-24 20:54:56'),
(274, '::1', 'Safari - 537.36', 'admin', 4, 'Accesos', 'accesos', '2022-11-24 20:55:08'),
(275, '::1', 'Safari - 537.36', 'admin', 4, 'Accesos', 'accesos', '2022-11-24 20:55:28'),
(276, '::1', 'Safari - 537.36', 'admin', 4, 'Accesos', 'accesos', '2022-11-24 20:55:54'),
(277, '::1', 'Safari - 537.36', 'admin', 4, 'Accesos', 'accesos', '2022-11-24 20:57:22'),
(278, '::1', 'Safari - 537.36', 'admin', 4, 'Accesos', 'accesos', '2022-11-24 20:57:32'),
(279, '::1', 'Safari - 537.36', 'admin', 2, 'Inicio', 'Inicio', '2022-11-24 21:08:21'),
(280, '::1', 'Safari - 537.36', 'admin', 4, 'Accesos', 'accesos', '2022-11-24 21:08:24'),
(281, '::1', 'Safari - 537.36', 'admin', 4, 'Accesos', 'accesos', '2022-11-24 21:12:55'),
(282, '::1', 'Safari - 537.36', 'admin', 4, 'Accesos', 'accesos', '2022-11-24 21:15:14'),
(283, '::1', 'Safari - 537.36', 'admin', 4, 'Accesos', 'accesos', '2022-11-24 21:17:41'),
(284, '::1', 'Safari - 537.36', 'admin', 4, 'Accesos', 'accesos', '2022-11-24 21:22:46'),
(285, '::1', 'Safari - 537.36', 'admin', 4, 'Accesos', 'accesos', '2022-11-24 21:23:37'),
(286, '::1', 'Safari - 537.36', 'admin', 4, 'Accesos', 'accesos', '2022-11-24 21:24:51'),
(287, '::1', 'Safari - 537.36', 'admin', 2, 'Inicio', 'Inicio', '2022-11-24 21:26:51'),
(288, '::1', 'Safari - 537.36', 'admin', 2, 'Inicio', 'Inicio', '2022-11-24 21:26:51'),
(289, '::1', 'Safari - 537.36', 'admin', 2, 'Inicio', 'Inicio', '2022-11-24 21:27:01'),
(290, '::1', 'Safari - 537.36', 'admin', 4, 'Accesos', 'accesos', '2022-11-24 21:27:04'),
(291, '::1', 'Safari - 537.36', 'admin', 4, 'Accesos', 'accesos', '2022-11-24 21:27:19'),
(292, '::1', 'Safari - 537.36', 'admin', 4, 'Accesos', 'accesos', '2022-11-24 21:27:36'),
(293, '::1', 'Safari - 537.36', 'admin', 4, 'Accesos', 'accesos', '2022-11-24 21:27:40'),
(294, '::1', 'Safari - 537.36', 'admin', 4, 'Accesos', 'accesos', '2022-11-24 21:27:41'),
(295, '::1', 'Safari - 537.36', 'admin', 4, 'Accesos', 'accesos', '2022-11-24 21:27:43'),
(296, '::1', 'Safari - 537.36', 'admin', 4, 'Accesos', 'accesos', '2022-11-24 21:27:52'),
(297, '::1', 'Safari - 537.36', 'admin', 4, 'Accesos', 'accesos', '2022-11-24 21:28:03'),
(298, '::1', 'Safari - 537.36', 'admin', 4, 'Accesos', 'accesos', '2022-11-24 21:31:13'),
(299, '::1', 'Safari - 537.36', 'admin', 2, 'Inicio', 'Inicio', '2022-11-24 21:52:44'),
(300, '::1', 'Safari - 537.36', 'admin', 4, 'Accesos', 'accesos', '2022-11-24 21:52:48'),
(301, '::1', 'Safari - 537.36', 'admin', 4, 'Accesos', 'accesos', '2022-11-24 22:00:56'),
(302, '::1', 'Safari - 537.36', 'admin', 4, 'Accesos', 'accesos', '2022-11-24 22:02:44'),
(303, '::1', 'Safari - 537.36', 'admin', 4, 'Accesos', 'accesos', '2022-11-24 22:03:24'),
(304, '::1', 'Safari - 537.36', 'admin', 4, 'Accesos', 'accesos', '2022-11-24 22:04:15'),
(305, '::1', 'Safari - 537.36', 'admin', 4, 'Accesos', 'accesos', '2022-11-24 22:05:07'),
(306, '::1', 'Safari - 537.36', 'admin', 4, 'Accesos', 'accesos', '2022-11-24 22:05:34'),
(307, '::1', 'Safari - 537.36', 'admin', 4, 'Accesos', 'accesos', '2022-11-24 22:06:14'),
(308, '::1', 'Safari - 537.36', 'admin', 4, 'Accesos', 'accesos', '2022-11-24 22:09:44'),
(309, '::1', 'Safari - 537.36', 'admin', 4, 'Accesos', 'accesos', '2022-11-24 22:13:15'),
(310, '::1', 'Safari - 537.36', 'admin', 4, 'Accesos', 'accesos', '2022-11-24 22:13:36'),
(311, '::1', 'Safari - 537.36', 'admin', 4, 'Accesos', 'accesos', '2022-11-24 22:14:20'),
(312, '::1', 'Safari - 537.36', 'admin', 4, 'Accesos', 'accesos', '2022-11-24 22:14:38'),
(313, '::1', 'Safari - 537.36', 'admin', 4, 'Accesos', 'accesos', '2022-11-24 22:16:31'),
(314, '::1', 'Safari - 537.36', 'admin', 4, 'Accesos', 'accesos', '2022-11-24 22:16:32'),
(315, '::1', 'Safari - 537.36', 'admin', 4, 'Accesos', 'accesos', '2022-11-24 22:30:34'),
(316, '::1', 'Safari - 537.36', 'admin', 4, 'Accesos', 'accesos', '2022-11-24 22:30:42'),
(317, '::1', 'Safari - 537.36', 'admin', 4, 'Accesos', 'accesos', '2022-11-24 22:30:45'),
(318, '::1', 'Safari - 537.36', 'admin', 4, 'Accesos', 'accesos', '2022-11-24 22:30:45'),
(319, '::1', 'Safari - 537.36', 'admin', 4, 'Accesos', 'accesos', '2022-11-24 22:30:50'),
(320, '::1', 'Safari - 537.36', 'admin', 2, 'Inicio', 'Inicio', '2022-11-24 22:30:59'),
(321, '::1', 'Safari - 537.36', 'admin', 4, 'Accesos', 'accesos', '2022-11-24 22:31:03'),
(322, '::1', 'Safari - 537.36', 'admin', 4, 'Accesos', 'accesos', '2022-11-24 22:31:59'),
(323, '::1', 'Safari - 537.36', 'admin', 4, 'Accesos', 'accesos', '2022-11-24 22:35:06'),
(324, '::1', 'Safari - 537.36', 'admin', 4, 'Accesos', 'accesos', '2022-11-24 22:35:15'),
(325, '::1', 'Safari - 537.36', 'admin', 4, 'Accesos', 'accesos', '2022-11-24 22:35:44'),
(326, '::1', 'Safari - 537.36', 'admin', 4, 'Accesos', 'accesos', '2022-11-24 22:35:44'),
(327, '::1', 'Safari - 537.36', 'admin', 4, 'Accesos', 'accesos', '2022-11-24 22:37:08'),
(328, '::1', 'Safari - 537.36', 'admin', 2, 'Inicio', 'Inicio', '2022-11-24 22:37:34'),
(329, '::1', 'Safari - 537.36', 'admin', 4, 'Accesos', 'accesos', '2022-11-24 22:37:48'),
(330, '::1', 'Safari - 537.36', 'admin', 2, 'Inicio', 'Inicio', '2022-11-24 22:39:10'),
(331, '::1', 'Safari - 537.36', 'admin', 4, 'Accesos', 'accesos', '2022-11-24 22:39:16'),
(332, '::1', 'Safari - 537.36', 'admin', 4, 'Accesos', 'accesos', '2022-11-24 22:39:39'),
(333, '::1', 'Safari - 537.36', 'admin', 4, 'Accesos', 'accesos', '2022-11-24 22:41:15'),
(334, '::1', 'Safari - 537.36', 'admin', 4, 'Accesos', 'accesos', '2022-11-24 22:47:32'),
(335, '::1', 'Safari - 537.36', 'admin', 4, 'Accesos', 'accesos', '2022-11-24 22:47:33'),
(336, '::1', 'Safari - 537.36', 'admin', 4, 'Accesos', 'accesos', '2022-11-24 22:47:33'),
(337, '::1', 'Safari - 537.36', 'admin', 2, 'Inicio', 'Inicio', '2022-11-24 22:47:54'),
(338, '::1', 'Safari - 537.36', 'admin', 4, 'Accesos', 'accesos', '2022-11-24 22:48:08'),
(339, '::1', 'Safari - 537.36', 'admin', 4, 'Accesos', 'accesos', '2022-11-24 22:49:50'),
(340, '::1', 'Safari - 537.36', 'admin', 4, 'Accesos', 'accesos', '2022-11-24 22:49:56'),
(341, '::1', 'Safari - 537.36', 'admin', 4, 'Accesos', 'accesos', '2022-11-24 22:50:29'),
(342, '::1', 'Safari - 537.36', 'admin', 4, 'Accesos', 'accesos', '2022-11-24 22:50:36'),
(343, '::1', 'Safari - 537.36', 'admin', 4, 'Accesos', 'accesos', '2022-11-24 22:57:36'),
(344, '::1', 'Safari - 537.36', 'admin', 2, 'Inicio', 'Inicio', '2022-11-24 22:57:47'),
(345, '::1', 'Safari - 537.36', 'admin', 4, 'Accesos', 'accesos', '2022-11-24 22:57:51'),
(346, '::1', 'Safari - 537.36', 'admin', 4, 'Accesos', 'accesos', '2022-11-24 22:58:33'),
(347, '::1', 'Safari - 537.36', 'admin', 4, 'Accesos', 'accesos', '2022-11-24 23:05:41'),
(348, '::1', 'Safari - 537.36', 'admin', 4, 'Accesos', 'accesos', '2022-11-24 23:05:41'),
(349, '::1', 'Safari - 537.36', 'admin', 4, 'Accesos', 'accesos', '2022-11-24 23:06:47'),
(350, '::1', 'Safari - 537.36', 'admin', 4, 'Accesos', 'accesos', '2022-11-24 23:06:51'),
(351, '::1', 'Safari - 537.36', 'admin', 4, 'Accesos', 'accesos', '2022-11-24 23:06:52'),
(352, '::1', 'Safari - 537.36', 'admin', 4, 'Accesos', 'accesos', '2022-11-24 23:06:52'),
(353, '::1', 'Safari - 537.36', 'admin', 4, 'Accesos', 'accesos', '2022-11-24 23:06:52'),
(354, '::1', 'Safari - 537.36', 'admin', 4, 'Accesos', 'accesos', '2022-11-24 23:06:52'),
(355, '::1', 'Safari - 537.36', 'admin', 4, 'Accesos', 'accesos', '2022-11-24 23:06:52'),
(356, '::1', 'Safari - 537.36', 'admin', 4, 'Accesos', 'accesos', '2022-11-24 23:07:37'),
(357, '::1', 'Safari - 537.36', 'admin', 2, 'Inicio', 'Inicio', '2022-11-24 23:07:47'),
(358, '::1', 'Safari - 537.36', 'admin', 2, 'Inicio', 'Inicio', '2022-11-24 23:07:50'),
(359, '::1', 'Safari - 537.36', 'admin', 4, 'Accesos', 'accesos', '2022-11-24 23:07:55'),
(360, '::1', 'Safari - 537.36', 'admin', 4, 'Accesos', 'accesos', '2022-11-24 23:10:59'),
(361, '::1', 'Safari - 537.36', 'admin', 4, 'Accesos', 'accesos', '2022-11-24 23:12:52'),
(362, '::1', 'Safari - 537.36', 'admin', 4, 'Accesos', 'accesos', '2022-11-24 23:13:08'),
(363, '::1', 'Chrome - 106.0.0.0', 'admin', 2, 'Inicio', 'Inicio', '2022-11-24 23:14:19'),
(364, '::1', 'Chrome - 106.0.0.0', 'admin', 4, 'Accesos', 'accesos', '2022-11-24 23:14:25'),
(365, '::1', 'Chrome - 106.0.0.0', 'admin', 2, 'Inicio', 'Inicio', '2022-11-24 23:14:26'),
(366, '::1', 'Chrome - 106.0.0.0', 'admin', 4, 'Accesos', 'accesos', '2022-11-24 23:14:27'),
(367, '::1', 'Chrome - 106.0.0.0', 'admin', 2, 'Inicio', 'Inicio', '2022-11-24 23:15:04'),
(368, '::1', 'Chrome - 106.0.0.0', 'admin', 2, 'Inicio', 'Inicio', '2022-11-24 23:15:15'),
(369, '::1', 'Chrome - 106.0.0.0', 'admin', 2, 'Inicio', 'Inicio', '2022-11-24 23:17:40'),
(370, '::1', 'Chrome - 106.0.0.0', 'admin', 2, 'Inicio', 'Inicio', '2022-11-24 23:18:22'),
(371, '::1', 'Chrome - 106.0.0.0', 'admin', 2, 'Inicio', 'Inicio', '2022-11-24 23:19:06'),
(372, '::1', 'Chrome - 106.0.0.0', 'admin', 2, 'Inicio', 'Inicio', '2022-11-24 23:19:20'),
(373, '::1', 'Chrome - 106.0.0.0', 'admin', 2, 'Inicio', 'Inicio', '2022-11-24 23:19:43'),
(374, '::1', 'Chrome - 106.0.0.0', 'admin', 2, 'Inicio', 'Inicio', '2022-11-24 23:19:58'),
(375, '::1', 'Chrome - 106.0.0.0', 'admin', 4, 'Accesos', 'accesos', '2022-11-24 23:20:21'),
(376, '::1', 'Chrome - 106.0.0.0', 'admin', 4, 'Accesos', 'accesos', '2022-11-24 23:21:39'),
(377, '::1', 'Chrome - 106.0.0.0', 'admin', 4, 'Accesos', 'accesos', '2022-11-24 23:21:40'),
(378, '::1', 'Chrome - 106.0.0.0', 'admin', 4, 'Accesos', 'accesos', '2022-11-24 23:21:40'),
(379, '::1', 'Chrome - 106.0.0.0', 'admin', 4, 'Accesos', 'accesos', '2022-11-24 23:21:40'),
(380, '::1', 'Chrome - 106.0.0.0', 'admin', 2, 'Inicio', 'Inicio', '2022-11-24 23:22:46'),
(381, '::1', 'Chrome - 106.0.0.0', 'admin', 2, 'Inicio', 'Inicio', '2022-11-24 23:22:48'),
(382, '::1', 'Chrome - 106.0.0.0', 'admin', 2, 'Inicio', 'Inicio', '2022-11-24 23:23:00'),
(383, '::1', 'Chrome - 106.0.0.0', 'admin', 2, 'Inicio', 'Inicio', '2022-11-24 23:24:35'),
(384, '::1', 'Chrome - 106.0.0.0', 'admin', 2, 'Inicio', 'Inicio', '2022-11-24 23:24:39'),
(385, '::1', 'Chrome - 106.0.0.0', 'admin', 2, 'Inicio', 'Inicio', '2022-11-24 23:29:44'),
(386, '::1', 'Chrome - 106.0.0.0', 'admin', 2, 'Inicio', 'Inicio', '2022-11-24 23:29:45'),
(387, '::1', 'Chrome - 106.0.0.0', 'admin', 2, 'Inicio', 'Inicio', '2022-11-24 23:30:27'),
(388, '::1', 'Chrome - 106.0.0.0', 'admin', 2, 'Inicio', 'Inicio', '2022-11-24 23:30:32'),
(389, '::1', 'Chrome - 106.0.0.0', 'admin', 2, 'Inicio', 'Inicio', '2022-11-24 23:30:51'),
(390, '::1', 'Chrome - 106.0.0.0', 'admin', 2, 'Inicio', 'Inicio', '2022-11-24 23:31:56'),
(391, '::1', 'Chrome - 106.0.0.0', 'admin', 4, 'Accesos', 'accesos', '2022-11-24 23:32:06'),
(392, '::1', 'Chrome - 106.0.0.0', 'admin', 4, 'Accesos', 'accesos', '2022-11-24 23:32:17'),
(393, '::1', 'Safari - 537.36', 'admin', 2, 'Inicio', 'Inicio', '2022-11-24 23:32:39'),
(394, '::1', 'Safari - 537.36', 'admin', 4, 'Accesos', 'accesos', '2022-11-24 23:32:42'),
(395, '::1', 'Chrome - 106.0.0.0', 'admin', 2, 'Inicio', 'Inicio', '2022-11-24 23:38:41'),
(396, '::1', 'Chrome - 106.0.0.0', 'admin', 2, 'Inicio', 'Inicio', '2022-11-24 23:44:32'),
(397, '::1', 'Chrome - 106.0.0.0', 'admin', 2, 'Inicio', 'Inicio', '2022-11-24 23:45:51'),
(398, '::1', 'Chrome - 106.0.0.0', 'admin', 2, 'Inicio', 'Inicio', '2022-11-24 23:46:36'),
(399, '::1', 'Chrome - 106.0.0.0', 'admin', 2, 'Inicio', 'Inicio', '2022-11-24 23:46:55'),
(400, '::1', 'Chrome - 106.0.0.0', 'admin', 2, 'Inicio', 'Inicio', '2022-11-24 23:47:09'),
(401, '::1', 'Chrome - 106.0.0.0', 'admin', 2, 'Inicio', 'Inicio', '2022-11-24 23:47:20'),
(402, '::1', 'Chrome - 106.0.0.0', 'admin', 2, 'Inicio', 'Inicio', '2022-11-24 23:47:44'),
(403, '::1', 'Chrome - 106.0.0.0', 'admin', 2, 'Inicio', 'Inicio', '2022-11-24 23:47:53'),
(404, '::1', 'Chrome - 106.0.0.0', 'admin', 2, 'Inicio', 'Inicio', '2022-11-24 23:47:59'),
(405, '::1', 'Chrome - 106.0.0.0', 'admin', 2, 'Inicio', 'Inicio', '2022-11-24 23:48:28'),
(406, '::1', 'Chrome - 106.0.0.0', 'admin', 2, 'Inicio', 'Inicio', '2022-11-24 23:48:44'),
(407, '::1', 'Safari - 537.36', 'admin', 2, 'Inicio', 'Inicio', '2022-11-24 23:49:27'),
(408, '::1', 'Safari - 537.36', 'admin', 4, 'Accesos', 'accesos', '2022-11-24 23:49:30'),
(409, '::1', 'Chrome - 106.0.0.0', 'admin', 2, 'Inicio', 'Inicio', '2022-11-24 23:59:47'),
(410, '::1', 'Chrome - 106.0.0.0', 'admin', 2, 'Inicio', 'Inicio', '2022-11-25 00:00:40'),
(411, '::1', 'Chrome - 106.0.0.0', 'admin', 2, 'Inicio', 'Inicio', '2022-11-25 00:01:03'),
(412, '::1', 'Chrome - 106.0.0.0', 'admin', 2, 'Inicio', 'Inicio', '2022-11-25 00:01:11'),
(413, '::1', 'Chrome - 106.0.0.0', 'admin', 2, 'Inicio', 'Inicio', '2022-11-25 00:01:18'),
(414, '::1', 'Chrome - 106.0.0.0', 'admin', 2, 'Inicio', 'Inicio', '2022-11-25 00:01:26'),
(415, '::1', 'Chrome - 106.0.0.0', 'admin', 2, 'Inicio', 'Inicio', '2022-11-25 00:01:34'),
(416, '::1', 'Chrome - 106.0.0.0', 'admin', 2, 'Inicio', 'Inicio', '2022-11-25 00:03:06'),
(417, '::1', 'Chrome - 106.0.0.0', 'admin', 2, 'Inicio', 'Inicio', '2022-11-25 00:03:17'),
(418, '::1', 'Chrome - 106.0.0.0', 'admin', 2, 'Inicio', 'Inicio', '2022-11-25 00:03:26'),
(419, '::1', 'Chrome - 106.0.0.0', 'admin', 2, 'Inicio', 'Inicio', '2022-11-25 00:03:33'),
(420, '::1', 'Chrome - 106.0.0.0', 'admin', 2, 'Inicio', 'Inicio', '2022-11-25 00:03:52'),
(421, '::1', 'Chrome - 106.0.0.0', 'admin', 2, 'Inicio', 'Inicio', '2022-11-25 00:04:54'),
(422, '::1', 'Chrome - 106.0.0.0', 'admin', 4, 'Accesos', 'accesos', '2022-11-25 00:08:14'),
(423, '::1', 'Chrome - 106.0.0.0', 'admin', 2, 'Inicio', 'Inicio', '2022-11-25 01:00:42'),
(424, '::1', 'Chrome - 106.0.0.0', 'admin', 4, 'Accesos', 'accesos', '2022-11-25 01:04:15'),
(425, '::1', 'Chrome - 106.0.0.0', 'admin', 4, 'Accesos', 'accesos', '2022-11-25 01:05:25'),
(426, '::1', 'Chrome - 106.0.0.0', 'admin', 2, 'Inicio', 'Inicio', '2022-11-25 01:09:15'),
(427, '::1', 'Chrome - 106.0.0.0', 'admin', 4, 'Accesos', 'accesos', '2022-11-25 01:15:07'),
(428, '::1', 'Chrome - 106.0.0.0', 'admin', 4, 'Accesos', 'accesos', '2022-11-25 01:18:48'),
(429, '::1', 'Chrome - 106.0.0.0', 'admin', 4, 'Accesos', 'accesos', '2022-11-25 01:19:57'),
(430, '::1', 'Chrome - 106.0.0.0', 'admin', 5, 'Usuarios', 'usuarios', '2022-11-25 01:20:04'),
(431, '::1', 'Chrome - 106.0.0.0', 'admin', 2, 'Inicio', 'Inicio', '2022-11-25 01:31:37'),
(432, '::1', 'Chrome - 106.0.0.0', 'admin', 4, 'Accesos', 'accesos', '2022-11-25 01:32:13'),
(433, '::1', 'Chrome - 106.0.0.0', 'admin', 4, 'Accesos', 'accesos', '2022-11-25 01:32:58'),
(434, '::1', 'Chrome - 106.0.0.0', 'admin', 4, 'Accesos', 'accesos', '2022-11-25 01:33:30'),
(435, '::1', 'Chrome - 106.0.0.0', 'admin', 4, 'Accesos', 'accesos', '2022-11-25 01:33:59'),
(436, '::1', 'Chrome - 106.0.0.0', 'admin', 5, 'Usuarios', 'usuarios', '2022-11-25 01:34:00'),
(437, '::1', 'Chrome - 106.0.0.0', 'admin', 2, 'Inicio', 'Inicio', '2022-11-25 01:34:06'),
(438, '::1', 'Chrome - 106.0.0.0', 'admin', 4, 'Accesos', 'accesos', '2022-11-25 01:56:25'),
(439, '::1', 'Chrome - 106.0.0.0', 'admin', 5, 'Usuarios', 'usuarios', '2022-11-25 01:56:29'),
(440, '::1', 'Chrome - 106.0.0.0', 'admin', 5, 'Usuarios', 'usuarios', '2022-11-25 02:00:17'),
(441, '::1', 'Chrome - 106.0.0.0', 'admin', 5, 'Usuarios', 'usuarios', '2022-11-25 02:00:24'),
(442, '::1', 'Chrome - 106.0.0.0', 'admin', 5, 'Usuarios', 'usuarios', '2022-11-25 02:00:43'),
(443, '::1', 'Chrome - 106.0.0.0', 'admin', 4, 'Accesos', 'accesos', '2022-11-25 02:01:39'),
(444, '::1', 'Chrome - 106.0.0.0', 'admin', 5, 'Usuarios', 'usuarios', '2022-11-25 02:01:48'),
(445, '::1', 'Chrome - 106.0.0.0', 'admin', 5, 'Usuarios', 'usuarios', '2022-11-25 02:03:01'),
(446, '::1', 'Chrome - 106.0.0.0', 'admin', 5, 'Usuarios', 'usuarios', '2022-11-25 02:13:12'),
(447, '::1', 'Chrome - 106.0.0.0', 'admin', 5, 'Usuarios', 'usuarios', '2022-11-25 02:16:59'),
(448, '::1', 'Chrome - 106.0.0.0', 'admin', 2, 'Inicio', 'Inicio', '2022-11-25 02:19:39'),
(449, '::1', 'Chrome - 106.0.0.0', 'admin', 5, 'Usuarios', 'usuarios', '2022-11-25 02:19:42'),
(450, '::1', 'Chrome - 106.0.0.0', 'admin', 5, 'Usuarios', 'usuarios', '2022-11-25 02:19:49'),
(451, '::1', 'Chrome - 106.0.0.0', 'admin', 2, 'Inicio', 'Inicio', '2022-11-25 02:21:17'),
(452, '::1', 'Chrome - 106.0.0.0', 'admin', 2, 'Inicio', 'Inicio', '2022-11-25 02:21:23'),
(453, '::1', 'Chrome - 106.0.0.0', 'admin', 5, 'Usuarios', 'usuarios', '2022-11-25 02:21:52'),
(454, '::1', 'Chrome - 106.0.0.0', 'admin', 5, 'Usuarios', 'usuarios', '2022-11-25 02:21:59'),
(455, '::1', 'Chrome - 106.0.0.0', 'admin', 2, 'Inicio', 'Inicio', '2022-11-25 02:22:48'),
(456, '::1', 'Chrome - 106.0.0.0', 'admin', 5, 'Usuarios', 'usuarios', '2022-11-25 02:22:56'),
(457, '::1', 'Chrome - 106.0.0.0', 'admin', 5, 'Usuarios', 'usuarios', '2022-11-25 02:26:27'),
(458, '::1', 'Chrome - 106.0.0.0', 'admin', 2, 'Inicio', 'Inicio', '2022-11-25 15:03:01'),
(459, '::1', 'Chrome - 106.0.0.0', 'admin', 2, 'Inicio', 'Inicio', '2022-11-25 15:04:01'),
(460, '::1', 'Chrome - 106.0.0.0', 'admin', 4, 'Accesos', 'accesos', '2022-11-25 15:04:09'),
(461, '::1', 'Chrome - 106.0.0.0', 'admin', 4, 'Accesos', 'accesos', '2022-11-25 15:05:40'),
(462, '::1', 'Chrome - 106.0.0.0', 'admin', 4, 'Accesos', 'accesos', '2022-11-25 15:06:05'),
(463, '::1', 'Chrome - 106.0.0.0', 'admin', 5, 'Usuarios', 'usuarios', '2022-11-25 15:06:08'),
(464, '::1', 'Chrome - 106.0.0.0', 'admin', 5, 'Usuarios', 'usuarios', '2022-11-25 15:08:34'),
(465, '::1', 'Chrome - 106.0.0.0', 'admin', 5, 'Usuarios', 'usuarios', '2022-11-25 15:09:42'),
(466, '::1', 'Chrome - 106.0.0.0', 'admin', 5, 'Usuarios', 'usuarios', '2022-11-25 15:10:41'),
(467, '::1', 'Chrome - 106.0.0.0', 'admin', 5, 'Usuarios', 'usuarios', '2022-11-25 15:13:00'),
(468, '::1', 'Chrome - 106.0.0.0', 'admin', 5, 'Usuarios', 'usuarios', '2022-11-25 15:14:26'),
(469, '::1', 'Chrome - 106.0.0.0', 'admin', 5, 'Usuarios', 'usuarios', '2022-11-25 15:14:27'),
(470, '::1', 'Chrome - 106.0.0.0', 'admin', 5, 'Usuarios', 'usuarios', '2022-11-25 15:14:43'),
(471, '::1', 'Chrome - 106.0.0.0', 'admin', 5, 'Usuarios', 'usuarios', '2022-11-25 15:16:58'),
(472, '::1', 'Chrome - 106.0.0.0', 'admin', 5, 'Usuarios', 'usuarios', '2022-11-25 15:23:26'),
(473, '::1', 'Chrome - 106.0.0.0', 'admin', 5, 'Usuarios', 'usuarios', '2022-11-25 15:31:22'),
(474, '::1', 'Chrome - 106.0.0.0', 'admin', 5, 'Usuarios', 'usuarios', '2022-11-25 15:40:07'),
(475, '::1', 'Chrome - 106.0.0.0', 'admin', 5, 'Usuarios', 'usuarios', '2022-11-25 15:43:57'),
(476, '::1', 'Chrome - 106.0.0.0', 'admin', 5, 'Usuarios', 'usuarios', '2022-11-25 16:15:38'),
(477, '::1', 'Chrome - 106.0.0.0', 'admin', 5, 'Usuarios', 'usuarios', '2022-11-25 16:17:08'),
(478, '::1', 'Chrome - 106.0.0.0', 'admin', 5, 'Usuarios', 'usuarios', '2022-11-25 16:17:32'),
(479, '::1', 'Chrome - 106.0.0.0', 'admin', 2, 'Inicio', 'Inicio', '2022-11-25 16:24:16'),
(480, '::1', 'Chrome - 106.0.0.0', 'admin', 5, 'Usuarios', 'usuarios', '2022-11-25 16:24:18'),
(481, '::1', 'Chrome - 106.0.0.0', 'admin', 2, 'Inicio', 'Inicio', '2022-11-25 16:24:22'),
(482, '::1', 'Chrome - 106.0.0.0', 'admin', 4, 'Accesos', 'accesos', '2022-11-25 16:24:24'),
(483, '::1', 'Chrome - 106.0.0.0', 'admin', 2, 'Inicio', 'Inicio', '2022-11-25 16:24:29'),
(484, '::1', 'Chrome - 106.0.0.0', 'admin', 5, 'Usuarios', 'usuarios', '2022-11-25 16:39:17'),
(485, '::1', 'Chrome - 106.0.0.0', 'admin', 5, 'Usuarios', 'usuarios', '2022-11-25 16:39:25'),
(486, '::1', 'Chrome - 106.0.0.0', 'admin', 5, 'Usuarios', 'usuarios', '2022-11-25 16:39:26'),
(487, '::1', 'Chrome - 106.0.0.0', 'admin', 5, 'Usuarios', 'usuarios', '2022-11-25 16:39:27'),
(488, '::1', 'Chrome - 106.0.0.0', 'admin', 5, 'Usuarios', 'usuarios', '2022-11-25 16:39:27'),
(489, '::1', 'Chrome - 106.0.0.0', 'admin', 5, 'Usuarios', 'usuarios', '2022-11-25 16:39:33'),
(490, '::1', 'Chrome - 106.0.0.0', 'admin', 5, 'Usuarios', 'usuarios', '2022-11-25 16:40:41'),
(491, '::1', 'Chrome - 106.0.0.0', 'admin', 5, 'Usuarios', 'usuarios', '2022-11-25 16:41:01'),
(492, '::1', 'Chrome - 106.0.0.0', 'admin', 5, 'Usuarios', 'usuarios', '2022-11-25 16:41:14'),
(493, '::1', 'Chrome - 106.0.0.0', 'admin', 4, 'Accesos', 'accesos', '2022-11-25 16:41:17'),
(494, '::1', 'Chrome - 106.0.0.0', 'admin', 5, 'Usuarios', 'usuarios', '2022-11-25 16:41:18'),
(495, '::1', 'Chrome - 106.0.0.0', 'admin', 5, 'Usuarios', 'usuarios', '2022-11-25 16:43:31'),
(496, '::1', 'Chrome - 106.0.0.0', 'admin', 5, 'Usuarios', 'usuarios', '2022-11-25 16:43:35'),
(497, '::1', 'Chrome - 106.0.0.0', 'admin', 5, 'Usuarios', 'usuarios', '2022-11-25 16:44:38'),
(498, '::1', 'Chrome - 106.0.0.0', 'admin', 2, 'Inicio', 'Inicio', '2022-11-25 16:44:45'),
(499, '::1', 'Chrome - 106.0.0.0', 'admin', 5, 'Usuarios', 'usuarios', '2022-11-25 16:46:01'),
(500, '::1', 'Chrome - 106.0.0.0', 'admin', 5, 'Usuarios', 'usuarios', '2022-11-25 16:46:53'),
(501, '::1', 'Chrome - 106.0.0.0', 'admin', 5, 'Usuarios', 'usuarios', '2022-11-25 16:47:07'),
(502, '::1', 'Chrome - 106.0.0.0', 'admin', 5, 'Usuarios', 'usuarios', '2022-11-25 16:47:23'),
(503, '::1', 'Chrome - 106.0.0.0', 'admin', 2, 'Inicio', 'Inicio', '2022-11-25 16:47:32'),
(504, '::1', 'Chrome - 106.0.0.0', 'admin', 5, 'Usuarios', 'usuarios', '2022-11-25 16:47:35'),
(505, '::1', 'Chrome - 106.0.0.0', 'admin', 5, 'Usuarios', 'usuarios', '2022-11-25 16:49:03'),
(506, '::1', 'Chrome - 106.0.0.0', 'admin', 5, 'Usuarios', 'usuarios', '2022-11-25 16:49:39'),
(507, '::1', 'Chrome - 106.0.0.0', 'admin', 5, 'Usuarios', 'usuarios', '2022-11-25 16:49:44'),
(508, '::1', 'Chrome - 106.0.0.0', 'admin', 5, 'Usuarios', 'usuarios', '2022-11-25 16:49:50'),
(509, '::1', 'Chrome - 106.0.0.0', 'admin', 5, 'Usuarios', 'usuarios', '2022-11-25 16:52:20'),
(510, '::1', 'Chrome - 106.0.0.0', 'admin', 5, 'Usuarios', 'usuarios', '2022-11-25 16:52:41'),
(511, '::1', 'Chrome - 106.0.0.0', 'admin', 5, 'Usuarios', 'usuarios', '2022-11-25 16:53:13'),
(512, '::1', 'Chrome - 106.0.0.0', 'admin', 5, 'Usuarios', 'usuarios', '2022-11-25 16:53:27'),
(513, '::1', 'Chrome - 106.0.0.0', 'admin', 5, 'Usuarios', 'usuarios', '2022-11-25 16:53:33'),
(514, '::1', 'Chrome - 106.0.0.0', 'admin', 5, 'Usuarios', 'usuarios', '2022-11-25 16:55:08'),
(515, '::1', 'Chrome - 106.0.0.0', 'admin', 5, 'Usuarios', 'usuarios', '2022-11-25 16:55:31'),
(516, '::1', 'Chrome - 106.0.0.0', 'admin', 5, 'Usuarios', 'usuarios', '2022-11-25 16:55:36'),
(517, '::1', 'Chrome - 106.0.0.0', 'admin', 5, 'Usuarios', 'usuarios', '2022-11-25 16:55:41'),
(518, '::1', 'Chrome - 106.0.0.0', 'admin', 5, 'Usuarios', 'usuarios', '2022-11-25 16:56:49'),
(519, '::1', 'Chrome - 106.0.0.0', 'admin', 2, 'Inicio', 'Inicio', '2022-11-25 16:58:26'),
(520, '::1', 'Chrome - 106.0.0.0', 'admin', 4, 'Accesos', 'accesos', '2022-11-25 16:58:34'),
(521, '::1', 'Chrome - 106.0.0.0', 'admin', 5, 'Usuarios', 'usuarios', '2022-11-25 17:00:36'),
(522, '::1', 'Chrome - 106.0.0.0', 'admin', 5, 'Usuarios', 'usuarios', '2022-11-25 17:00:40'),
(523, '::1', 'Chrome - 106.0.0.0', 'admin', 5, 'Usuarios', 'usuarios', '2022-11-25 17:00:46'),
(524, '::1', 'Chrome - 106.0.0.0', 'admin', 5, 'Usuarios', 'usuarios', '2022-11-25 17:00:53'),
(525, '::1', 'Chrome - 106.0.0.0', 'admin', 5, 'Usuarios', 'usuarios', '2022-11-25 17:13:07'),
(526, '::1', 'Chrome - 106.0.0.0', 'admin', 5, 'Usuarios', 'usuarios', '2022-11-25 17:13:36'),
(527, '::1', 'Chrome - 106.0.0.0', 'admin', 5, 'Usuarios', 'usuarios', '2022-11-25 17:19:10'),
(528, '::1', 'Chrome - 106.0.0.0', 'admin', 5, 'Usuarios', 'usuarios', '2022-11-25 17:19:49'),
(529, '::1', 'Chrome - 106.0.0.0', 'admin', 5, 'Usuarios', 'usuarios', '2022-11-25 17:25:14'),
(530, '::1', 'Chrome - 106.0.0.0', 'admin', 5, 'Usuarios', 'usuarios', '2022-11-25 17:31:30'),
(531, '::1', 'Chrome - 106.0.0.0', 'admin', 5, 'Usuarios', 'usuarios', '2022-11-25 17:31:44'),
(532, '::1', 'Chrome - 106.0.0.0', 'admin', 5, 'Usuarios', 'usuarios', '2022-11-25 17:31:44'),
(533, '::1', 'Chrome - 106.0.0.0', 'admin', 5, 'Usuarios', 'usuarios', '2022-11-25 17:31:46'),
(534, '::1', 'Chrome - 106.0.0.0', 'admin', 2, 'Inicio', 'Inicio', '2022-11-25 17:31:51'),
(535, '::1', 'Chrome - 106.0.0.0', 'admin', 5, 'Usuarios', 'usuarios', '2022-11-25 17:31:53'),
(536, '::1', 'Chrome - 106.0.0.0', 'admin', 5, 'Usuarios', 'usuarios', '2022-11-25 17:33:56'),
(537, '::1', 'Chrome - 106.0.0.0', 'admin', 5, 'Usuarios', 'usuarios', '2022-11-25 17:34:12'),
(538, '::1', 'Chrome - 106.0.0.0', 'admin', 5, 'Usuarios', 'usuarios', '2022-11-25 17:43:32'),
(539, '::1', 'Chrome - 106.0.0.0', 'admin', 5, 'Usuarios', 'usuarios', '2022-11-25 17:43:33'),
(540, '::1', 'Chrome - 106.0.0.0', 'admin', 5, 'Usuarios', 'usuarios', '2022-11-25 17:43:34'),
(541, '::1', 'Chrome - 106.0.0.0', 'admin', 5, 'Usuarios', 'usuarios', '2022-11-25 17:44:40'),
(542, '::1', 'Chrome - 106.0.0.0', 'admin', 5, 'Usuarios', 'usuarios', '2022-11-25 17:50:12'),
(543, '::1', 'Chrome - 106.0.0.0', 'admin', 5, 'Usuarios', 'usuarios', '2022-11-25 17:54:28'),
(544, '::1', 'Chrome - 106.0.0.0', 'admin', 5, 'Usuarios', 'usuarios', '2022-11-25 18:01:45'),
(545, '::1', 'Chrome - 106.0.0.0', 'admin', 2, 'Inicio', 'Inicio', '2022-11-25 18:01:51'),
(546, '::1', 'Chrome - 106.0.0.0', 'admin', 2, 'Inicio', 'Inicio', '2022-11-25 18:01:54'),
(547, '::1', 'Chrome - 106.0.0.0', 'admin', 4, 'Accesos', 'accesos', '2022-11-25 18:01:55'),
(548, '::1', 'Chrome - 106.0.0.0', 'admin', 2, 'Inicio', 'Inicio', '2022-11-25 18:02:08'),
(549, '::1', 'Chrome - 106.0.0.0', 'admin', 4, 'Accesos', 'accesos', '2022-11-25 18:02:17'),
(550, '::1', 'Chrome - 106.0.0.0', 'admin', 4, 'Accesos', 'accesos', '2022-11-25 18:02:22'),
(551, '::1', 'Chrome - 106.0.0.0', 'admin', 5, 'Usuarios', 'usuarios', '2022-11-25 18:02:24'),
(552, '::1', 'Chrome - 106.0.0.0', 'admin', 5, 'Usuarios', 'usuarios', '2022-11-25 18:04:43'),
(553, '::1', 'Chrome - 106.0.0.0', 'admin', 5, 'Usuarios', 'usuarios', '2022-11-25 18:05:24'),
(554, '::1', 'Chrome - 106.0.0.0', 'admin', 5, 'Usuarios', 'usuarios', '2022-11-25 18:28:45'),
(555, '::1', 'Chrome - 106.0.0.0', 'admin', 5, 'Usuarios', 'usuarios', '2022-11-25 18:33:52'),
(556, '::1', 'Chrome - 106.0.0.0', 'admin', 5, 'Usuarios', 'usuarios', '2022-11-25 18:41:40'),
(557, '::1', 'Chrome - 106.0.0.0', 'admin', 5, 'Usuarios', 'usuarios', '2022-11-25 18:41:45'),
(558, '::1', 'Chrome - 106.0.0.0', 'admin', 5, 'Usuarios', 'usuarios', '2022-11-25 19:01:44'),
(559, '::1', 'Chrome - 106.0.0.0', 'admin', 5, 'Usuarios', 'usuarios', '2022-11-25 19:08:54'),
(560, '::1', 'Chrome - 106.0.0.0', 'admin', 2, 'Inicio', 'Inicio', '2022-11-25 20:18:13'),
(561, '::1', 'Chrome - 106.0.0.0', 'admin', 5, 'Usuarios', 'usuarios', '2022-11-25 20:18:15'),
(562, '::1', 'Chrome - 106.0.0.0', 'admin', 5, 'Usuarios', 'usuarios', '2022-11-25 20:19:47'),
(563, '::1', 'Chrome - 106.0.0.0', 'admin', 2, 'Inicio', 'Inicio', '2022-11-25 20:20:10'),
(564, '::1', 'Chrome - 106.0.0.0', 'admin', 5, 'Usuarios', 'usuarios', '2022-11-25 20:20:22'),
(565, '::1', 'Chrome - 106.0.0.0', 'admin', 5, 'Usuarios', 'usuarios', '2022-11-25 20:20:30');
INSERT INTO `log_menu` (`idlogmenu`, `ip`, `navegador`, `usuario`, `idmenu`, `nombre`, `ventana`, `fecha`) VALUES
(566, '::1', 'Chrome - 106.0.0.0', 'admin', 5, 'Usuarios', 'usuarios', '2022-11-25 20:21:55'),
(567, '::1', 'Chrome - 106.0.0.0', 'admin', 5, 'Usuarios', 'usuarios', '2022-11-25 20:22:46'),
(568, '::1', 'Chrome - 106.0.0.0', 'admin', 2, 'Inicio', 'Inicio', '2022-11-25 22:29:46'),
(569, '::1', 'Chrome - 106.0.0.0', 'admin', 2, 'Inicio', 'Inicio', '2022-11-25 22:32:06'),
(570, '::1', 'Chrome - 106.0.0.0', 'admin', 5, 'Usuarios', 'usuarios', '2022-11-25 22:32:07'),
(571, '::1', 'Chrome - 106.0.0.0', 'admin', 5, 'Usuarios', 'usuarios', '2022-11-25 22:33:09'),
(572, '::1', 'Chrome - 106.0.0.0', 'admin', 5, 'Usuarios', 'usuarios', '2022-11-25 22:54:25'),
(573, '::1', 'Chrome - 106.0.0.0', 'admin', 5, 'Usuarios', 'usuarios', '2022-11-25 23:16:07'),
(574, '::1', 'Chrome - 106.0.0.0', 'admin', 5, 'Usuarios', 'usuarios', '2022-11-25 23:16:48'),
(575, '::1', 'Chrome - 106.0.0.0', 'admin', 2, 'Inicio', 'Inicio', '2022-11-25 23:38:06'),
(576, '::1', 'Chrome - 106.0.0.0', 'admin', 2, 'Inicio', 'Inicio', '2022-11-25 23:38:18'),
(577, '::1', 'Chrome - 106.0.0.0', 'admin', 5, 'Usuarios', 'usuarios', '2022-11-25 23:38:23'),
(578, '::1', 'Chrome - 106.0.0.0', 'admin', 4, 'Accesos', 'accesos', '2022-11-25 23:39:38'),
(579, '::1', 'Chrome - 106.0.0.0', 'admin', 4, 'Accesos', 'accesos', '2022-11-25 23:39:51'),
(580, '::1', 'Chrome - 106.0.0.0', 'admin', 4, 'Accesos', 'accesos', '2022-11-25 23:40:03'),
(581, '::1', 'Chrome - 106.0.0.0', 'admin', 5, 'Usuarios', 'usuarios', '2022-11-25 23:40:04'),
(582, '::1', 'Chrome - 106.0.0.0', 'admin', 5, 'Usuarios', 'usuarios', '2022-11-26 00:05:38'),
(583, '::1', 'Chrome - 106.0.0.0', 'admin', 2, 'Inicio', 'Inicio', '2022-11-26 00:05:40'),
(584, '::1', 'Chrome - 106.0.0.0', 'admin', 5, 'Usuarios', 'usuarios', '2022-11-26 00:05:59'),
(585, '::1', 'Chrome - 106.0.0.0', 'admin', 5, 'Usuarios', 'usuarios', '2022-11-26 00:08:07'),
(586, '::1', 'Chrome - 106.0.0.0', 'admin', 5, 'Usuarios', 'usuarios', '2022-11-26 00:12:58'),
(587, '::1', 'Chrome - 106.0.0.0', 'admin', 5, 'Usuarios', 'usuarios', '2022-11-26 00:13:43'),
(588, '::1', 'Chrome - 106.0.0.0', 'admin', 5, 'Usuarios', 'usuarios', '2022-11-26 00:15:18'),
(589, '::1', 'Chrome - 106.0.0.0', 'admin', 2, 'Inicio', 'Inicio', '2022-11-26 00:15:20'),
(590, '::1', 'Chrome - 106.0.0.0', 'admin', 2, 'Inicio', 'Inicio', '2022-11-26 00:15:58'),
(591, '::1', 'Chrome - 106.0.0.0', 'admin', 2, 'Inicio', 'Inicio', '2022-11-26 00:16:37'),
(592, '::1', 'Chrome - 106.0.0.0', 'admin', 2, 'Inicio', 'Inicio', '2022-11-26 00:20:29'),
(593, '::1', 'Chrome - 106.0.0.0', 'admin', 5, 'Usuarios', 'usuarios', '2022-11-26 00:20:36'),
(594, '::1', 'Chrome - 106.0.0.0', 'admin', 5, 'Usuarios', 'usuarios', '2022-11-26 00:20:39'),
(595, '::1', 'Chrome - 106.0.0.0', 'admin', 2, 'Inicio', 'Inicio', '2022-11-26 00:24:56'),
(596, '::1', 'Chrome - 106.0.0.0', 'admin', 5, 'Usuarios', 'usuarios', '2022-11-26 00:24:59'),
(597, '::1', 'Chrome - 106.0.0.0', 'admin', 5, 'Usuarios', 'usuarios', '2022-11-26 00:25:21'),
(598, '::1', 'Chrome - 106.0.0.0', 'admin', 5, 'Usuarios', 'usuarios', '2022-11-26 00:45:54'),
(599, '::1', 'Chrome - 106.0.0.0', 'admin', 5, 'Usuarios', 'usuarios', '2022-11-26 00:47:31'),
(600, '::1', 'Chrome - 106.0.0.0', 'admin', 2, 'Inicio', 'Inicio', '2022-11-26 13:22:17'),
(601, '::1', 'Chrome - 106.0.0.0', 'admin', 5, 'Usuarios', 'usuarios', '2022-11-26 13:22:23'),
(602, '::1', 'Chrome - 106.0.0.0', 'admin', 4, 'Accesos', 'accesos', '2022-11-26 13:34:06'),
(603, '::1', 'Chrome - 106.0.0.0', 'admin', 4, 'Accesos', 'accesos', '2022-11-26 13:35:22'),
(604, '::1', 'Chrome - 106.0.0.0', 'admin', 6, 'Productos', 'productos', '2022-11-26 13:37:23'),
(605, '::1', 'Safari - 537.36', 'admin', 6, 'Productos', 'productos', '2022-11-26 13:43:17'),
(606, '::1', 'Safari - 537.36', 'admin', 2, 'Inicio', 'Inicio', '2022-11-26 13:43:27'),
(607, '::1', 'Safari - 537.36', 'admin', 6, 'Productos', 'productos', '2022-11-26 13:43:30'),
(608, '::1', 'Safari - 537.36', 'admin', 6, 'Productos', 'productos', '2022-11-26 13:43:43'),
(609, '::1', 'Safari - 537.36', 'admin', 6, 'Productos', 'productos', '2022-11-26 13:43:44'),
(610, '::1', 'Safari - 537.36', 'admin', 6, 'Productos', 'productos', '2022-11-26 13:44:38'),
(611, '::1', 'Safari - 537.36', 'admin', 6, 'Productos', 'productos', '2022-11-26 13:45:40'),
(612, '::1', 'Safari - 537.36', 'admin', 6, 'Productos', 'productos', '2022-11-26 13:45:45'),
(613, '::1', 'Safari - 537.36', 'admin', 6, 'Productos', 'productos', '2022-11-26 13:46:37'),
(614, '::1', 'Safari - 537.36', 'admin', 2, 'Inicio', 'Inicio', '2022-11-26 13:46:45'),
(615, '::1', 'Safari - 537.36', 'admin', 2, 'Inicio', 'Inicio', '2022-11-26 13:46:45'),
(616, '::1', 'Safari - 537.36', 'admin', 5, 'Usuarios', 'usuarios', '2022-11-26 13:46:49'),
(617, '::1', 'Safari - 537.36', 'admin', 4, 'Accesos', 'accesos', '2022-11-26 13:46:53'),
(618, '::1', 'Safari - 537.36', 'admin', 5, 'Usuarios', 'usuarios', '2022-11-26 13:46:54'),
(619, '::1', 'Safari - 537.36', 'admin', 2, 'Inicio', 'Inicio', '2022-11-26 13:46:56'),
(620, '::1', 'Safari - 537.36', 'admin', 6, 'Productos', 'productos', '2022-11-26 13:47:00'),
(621, '::1', 'Safari - 537.36', 'admin', 4, 'Accesos', 'accesos', '2022-11-26 13:47:02'),
(622, '::1', 'Safari - 537.36', 'admin', 4, 'Accesos', 'accesos', '2022-11-26 13:47:04'),
(623, '::1', 'Safari - 537.36', 'admin', 4, 'Accesos', 'accesos', '2022-11-26 13:47:05'),
(624, '::1', 'Safari - 537.36', 'admin', 4, 'Accesos', 'accesos', '2022-11-26 13:47:06'),
(625, '::1', 'Safari - 537.36', 'admin', 4, 'Accesos', 'accesos', '2022-11-26 13:47:06'),
(626, '::1', 'Safari - 537.36', 'admin', 4, 'Accesos', 'accesos', '2022-11-26 13:47:40'),
(627, '::1', 'Safari - 537.36', 'admin', 2, 'Inicio', 'Inicio', '2022-11-26 13:47:56'),
(628, '::1', 'Safari - 537.36', 'admin', 4, 'Accesos', 'accesos', '2022-11-26 13:47:59'),
(629, '::1', 'Safari - 537.36', 'admin', 4, 'Accesos', 'accesos', '2022-11-26 13:48:00'),
(630, '::1', 'Chrome - 106.0.0.0', 'admin', 2, 'Inicio', 'Inicio', '2022-11-26 13:48:37'),
(631, '::1', 'Chrome - 106.0.0.0', 'admin', 2, 'Inicio', 'Inicio', '2022-11-26 13:48:40'),
(632, '::1', 'Chrome - 106.0.0.0', 'admin', 4, 'Accesos', 'accesos', '2022-11-26 13:48:43'),
(633, '::1', 'Safari - 537.36', 'admin', 6, 'Productos', 'productos', '2022-11-26 13:48:52'),
(634, '::1', 'Safari - 537.36', 'admin', 4, 'Accesos', 'accesos', '2022-11-26 13:48:55'),
(635, '::1', 'Safari - 537.36', 'admin', 4, 'Accesos', 'accesos', '2022-11-26 13:48:56'),
(636, '::1', 'Safari - 537.36', 'admin', 2, 'Inicio', 'Inicio', '2022-11-26 13:48:59'),
(637, '::1', 'Chrome - 106.0.0.0', 'admin', 2, 'Inicio', 'Inicio', '2022-11-26 13:49:07'),
(638, '::1', 'Chrome - 106.0.0.0', 'admin', 4, 'Accesos', 'accesos', '2022-11-26 13:49:09'),
(639, '::1', 'Chrome - 106.0.0.0', 'admin', 2, 'Inicio', 'Inicio', '2022-11-26 13:49:13'),
(640, '::1', 'Safari - 537.36', 'admin', 6, 'Productos', 'productos', '2022-11-26 13:49:14'),
(641, '::1', 'Safari - 537.36', 'admin', 4, 'Accesos', 'accesos', '2022-11-26 13:49:16'),
(642, '::1', 'Safari - 537.36', 'admin', 6, 'Productos', 'productos', '2022-11-26 13:49:18'),
(643, '::1', 'Chrome - 106.0.0.0', 'admin', 2, 'Inicio', 'Inicio', '2022-11-26 13:49:18'),
(644, '::1', 'Safari - 537.36', 'admin', 6, 'Productos', 'productos', '2022-11-26 13:49:22'),
(645, '::1', 'Chrome - 106.0.0.0', 'admin', 2, 'Inicio', 'Inicio', '2022-11-26 13:49:29'),
(646, '::1', 'Chrome - 106.0.0.0', 'admin', 4, 'Accesos', 'accesos', '2022-11-26 13:49:31'),
(647, '::1', 'Chrome - 106.0.0.0', 'admin', 5, 'Usuarios', 'usuarios', '2022-11-26 13:49:36'),
(648, '::1', 'Chrome - 106.0.0.0', 'admin', 2, 'Inicio', 'Inicio', '2022-11-26 13:49:40'),
(649, '::1', 'Chrome - 106.0.0.0', 'admin', 2, 'Inicio', 'Inicio', '2022-11-26 13:52:45'),
(650, '::1', 'Safari - 537.36', 'admin', 6, 'Productos', 'productos', '2022-11-26 13:52:49'),
(651, '::1', 'Safari - 537.36', 'admin', 6, 'Productos', 'productos', '2022-11-26 13:52:58'),
(652, '::1', 'Safari - 537.36', 'admin', 2, 'Inicio', 'Inicio', '2022-11-26 13:53:09'),
(653, '::1', 'Safari - 537.36', 'admin', 6, 'Productos', 'productos', '2022-11-26 13:53:13'),
(654, '::1', 'Safari - 537.36', 'admin', 6, 'Productos', 'productos', '2022-11-26 13:54:36'),
(655, '::1', 'Safari - 537.36', 'admin', 6, 'Productos', 'productos', '2022-11-26 13:54:42'),
(656, '::1', 'Chrome - 106.0.0.0', 'admin', 2, 'Inicio', 'Inicio', '2022-11-26 13:56:17'),
(657, '::1', 'Chrome - 106.0.0.0', 'admin', 6, 'Productos', 'productos', '2022-11-26 13:56:22'),
(658, '::1', 'Chrome - 106.0.0.0', 'admin', 5, 'Usuarios', 'usuarios', '2022-11-26 13:56:57'),
(659, '::1', 'Chrome - 106.0.0.0', 'admin', 2, 'Inicio', 'Inicio', '2022-11-26 13:57:00'),
(660, '::1', 'Safari - 537.36', 'admin', 6, 'Productos', 'productos', '2022-11-26 13:57:27'),
(661, '::1', 'Chrome - 106.0.0.0', 'admin', 2, 'Inicio', 'Inicio', '2022-11-26 13:57:44'),
(662, '::1', 'Chrome - 106.0.0.0', 'admin', 2, 'Inicio', 'Inicio', '2022-11-26 13:58:25'),
(663, '::1', 'Chrome - 106.0.0.0', 'admin', 2, 'Inicio', 'Inicio', '2022-11-26 14:03:21'),
(664, '::1', 'Chrome - 106.0.0.0', 'admin', 2, 'Inicio', 'Inicio', '2022-11-26 14:03:23'),
(665, '::1', 'Chrome - 106.0.0.0', 'admin', 4, 'Accesos', 'accesos', '2022-11-26 14:03:39'),
(666, '::1', 'Chrome - 106.0.0.0', 'admin', 5, 'Usuarios', 'usuarios', '2022-11-26 14:04:05'),
(667, '::1', 'Chrome - 106.0.0.0', 'admin', 4, 'Accesos', 'accesos', '2022-11-26 14:04:08'),
(668, '::1', 'Chrome - 106.0.0.0', 'admin', 4, 'Accesos', 'accesos', '2022-11-26 14:05:14'),
(669, '::1', 'Chrome - 106.0.0.0', 'admin', 5, 'Usuarios', 'usuarios', '2022-11-26 14:05:22'),
(670, '::1', 'Chrome - 106.0.0.0', 'admin', 2, 'Inicio', 'Inicio', '2022-11-26 14:05:25'),
(671, '::1', 'Chrome - 106.0.0.0', 'admin', 2, 'Inicio', 'Inicio', '2022-11-26 14:10:28'),
(672, '::1', 'Chrome - 106.0.0.0', 'admin', 6, 'Productos', 'productos', '2022-11-26 14:16:17'),
(673, '::1', 'Chrome - 106.0.0.0', 'admin', 4, 'Accesos', 'accesos', '2022-11-26 14:16:52'),
(674, '::1', 'Chrome - 106.0.0.0', 'admin', 5, 'Usuarios', 'usuarios', '2022-11-26 14:16:54'),
(675, '::1', 'Chrome - 106.0.0.0', 'admin', 6, 'Productos', 'productos', '2022-11-26 14:17:01'),
(676, '::1', 'Chrome - 106.0.0.0', 'admin', 2, 'Inicio', 'Inicio', '2022-11-26 14:17:43'),
(677, '::1', 'Chrome - 106.0.0.0', 'admin', 6, 'Productos', 'productos', '2022-11-26 14:17:46'),
(678, '::1', 'Chrome - 106.0.0.0', 'admin', 6, 'Productos', 'productos', '2022-11-26 14:18:07'),
(679, '::1', 'Chrome - 106.0.0.0', 'admin', 6, 'Productos', 'productos', '2022-11-26 14:29:43'),
(680, '::1', 'Chrome - 106.0.0.0', 'admin', 2, 'Inicio', 'Inicio', '2022-11-26 14:41:17'),
(681, '::1', 'Chrome - 106.0.0.0', 'admin', 6, 'Productos', 'productos', '2022-11-26 14:42:12'),
(682, '::1', 'Chrome - 106.0.0.0', 'admin', 6, 'Productos', 'productos', '2022-11-26 14:42:17'),
(683, '::1', 'Chrome - 106.0.0.0', 'admin', 6, 'Productos', 'productos', '2022-11-26 14:43:48'),
(684, '::1', 'Chrome - 106.0.0.0', 'admin', 2, 'Inicio', 'Inicio', '2022-11-26 14:44:10'),
(685, '::1', 'Chrome - 106.0.0.0', 'admin', 6, 'Productos', 'productos', '2022-11-26 14:44:12'),
(686, '::1', 'Chrome - 106.0.0.0', 'admin', 6, 'Productos', 'productos', '2022-11-26 14:45:26'),
(687, '::1', 'Chrome - 106.0.0.0', 'admin', 6, 'Productos', 'productos', '2022-11-26 14:48:06'),
(688, '::1', 'Chrome - 106.0.0.0', 'admin', 6, 'Productos', 'productos', '2022-11-26 14:49:01'),
(689, '::1', 'Chrome - 106.0.0.0', 'admin', 6, 'Productos', 'productos', '2022-11-26 14:52:53'),
(690, '::1', 'Chrome - 106.0.0.0', 'admin', 6, 'Productos', 'productos', '2022-11-26 14:54:32'),
(691, '::1', 'Chrome - 106.0.0.0', 'admin', 6, 'Productos', 'productos', '2022-11-26 14:55:24'),
(692, '::1', 'Chrome - 106.0.0.0', 'admin', 6, 'Productos', 'productos', '2022-11-26 14:58:36'),
(693, '::1', 'Chrome - 106.0.0.0', 'admin', 2, 'Inicio', 'Inicio', '2022-11-26 14:59:05'),
(694, '::1', 'Chrome - 106.0.0.0', 'admin', 2, 'Inicio', 'Inicio', '2022-11-26 14:59:10'),
(695, '::1', 'Chrome - 106.0.0.0', 'admin', 4, 'Accesos', 'accesos', '2022-11-26 14:59:19'),
(696, '::1', 'Chrome - 106.0.0.0', 'admin', 4, 'Accesos', 'accesos', '2022-11-26 14:59:22'),
(697, '::1', 'Chrome - 106.0.0.0', 'admin', 5, 'Usuarios', 'usuarios', '2022-11-26 14:59:29'),
(698, '::1', 'Chrome - 106.0.0.0', 'admin', 4, 'Accesos', 'accesos', '2022-11-26 14:59:32'),
(699, '::1', 'Chrome - 106.0.0.0', 'admin', 2, 'Inicio', 'Inicio', '2022-11-26 14:59:39'),
(700, '::1', 'Chrome - 106.0.0.0', 'admin', 5, 'Usuarios', 'usuarios', '2022-11-26 14:59:41'),
(701, '::1', 'Chrome - 106.0.0.0', 'admin', 4, 'Accesos', 'accesos', '2022-11-26 15:00:05'),
(702, '::1', 'Chrome - 106.0.0.0', 'admin', 4, 'Accesos', 'accesos', '2022-11-26 15:00:06'),
(703, '::1', 'Chrome - 106.0.0.0', 'admin', 2, 'Inicio', 'Inicio', '2022-11-26 15:00:29'),
(704, '::1', 'Chrome - 106.0.0.0', 'admin', 2, 'Inicio', 'Inicio', '2022-11-26 15:00:36'),
(705, '::1', 'Chrome - 106.0.0.0', 'admin', 6, 'Productos', 'productos', '2022-11-26 15:00:39'),
(706, '::1', 'Chrome - 106.0.0.0', 'admin', 4, 'Accesos', 'accesos', '2022-11-26 15:00:45'),
(707, '::1', 'Chrome - 106.0.0.0', 'admin', 5, 'Usuarios', 'usuarios', '2022-11-26 15:00:48'),
(708, '::1', 'Chrome - 106.0.0.0', 'admin', 2, 'Inicio', 'Inicio', '2022-11-26 15:00:52'),
(709, '::1', 'Chrome - 106.0.0.0', 'admin', 2, 'Inicio', 'Inicio', '2022-11-26 15:03:45'),
(710, '::1', 'Chrome - 106.0.0.0', 'admin', 2, 'Inicio', 'Inicio', '2022-11-26 15:04:23'),
(711, '::1', 'Chrome - 106.0.0.0', 'admin', 2, 'Inicio', 'Inicio', '2022-11-26 15:05:11'),
(712, '::1', 'Chrome - 106.0.0.0', 'admin', 4, 'Accesos', 'accesos', '2022-11-26 15:05:39'),
(713, '::1', 'Chrome - 106.0.0.0', 'admin', 6, 'Productos', 'productos', '2022-11-26 15:05:43'),
(714, '::1', 'Chrome - 106.0.0.0', 'admin', 2, 'Inicio', 'Inicio', '2022-11-26 15:05:45'),
(715, '::1', 'Chrome - 106.0.0.0', 'admin', 2, 'Inicio', 'Inicio', '2022-11-26 15:05:48'),
(716, '::1', 'Chrome - 106.0.0.0', 'admin', 6, 'Productos', 'productos', '2022-11-26 15:05:50'),
(717, '::1', 'Chrome - 106.0.0.0', 'admin', 4, 'Accesos', 'accesos', '2022-11-26 15:05:52'),
(718, '::1', 'Chrome - 106.0.0.0', 'admin', 5, 'Usuarios', 'usuarios', '2022-11-26 15:05:54'),
(719, '::1', 'Chrome - 106.0.0.0', 'admin', 6, 'Productos', 'productos', '2022-11-26 15:05:56'),
(720, '::1', 'Chrome - 106.0.0.0', 'admin', 2, 'Inicio', 'Inicio', '2022-11-26 15:06:25'),
(721, '::1', 'Chrome - 106.0.0.0', 'admin', 2, 'Inicio', 'Inicio', '2022-11-26 15:06:50'),
(722, '::1', 'Chrome - 106.0.0.0', 'admin', 2, 'Inicio', 'Inicio', '2022-11-26 15:06:55'),
(723, '::1', 'Chrome - 106.0.0.0', 'admin', 2, 'Inicio', 'Inicio', '2022-11-26 15:07:15'),
(724, '::1', 'Chrome - 106.0.0.0', 'admin', 2, 'Inicio', 'Inicio', '2022-11-26 15:08:18'),
(725, '::1', 'Chrome - 106.0.0.0', 'admin', 2, 'Inicio', 'Inicio', '2022-11-26 15:09:20'),
(726, '::1', 'Chrome - 106.0.0.0', 'admin', 2, 'Inicio', 'Inicio', '2022-11-26 15:12:07'),
(727, '::1', 'Chrome - 106.0.0.0', 'admin', 2, 'Inicio', 'Inicio', '2022-11-26 15:12:07'),
(728, '::1', 'Chrome - 106.0.0.0', 'admin', 6, 'Productos', 'productos', '2022-11-26 15:12:14'),
(729, '::1', 'Chrome - 106.0.0.0', 'admin', 2, 'Inicio', 'Inicio', '2022-11-26 15:40:35'),
(730, '::1', 'Chrome - 106.0.0.0', 'admin', 4, 'Accesos', 'accesos', '2022-11-26 15:41:11'),
(731, '::1', 'Chrome - 106.0.0.0', 'admin', 4, 'Accesos', 'accesos', '2022-11-26 15:41:12'),
(732, '::1', 'Chrome - 106.0.0.0', 'admin', 2, 'Inicio', 'Inicio', '2022-11-26 15:42:29'),
(733, '::1', 'Chrome - 106.0.0.0', 'admin', 2, 'Inicio', 'Inicio', '2022-11-26 15:42:46'),
(734, '::1', 'Chrome - 106.0.0.0', 'admin', 2, 'Inicio', 'Inicio', '2022-11-26 15:42:46'),
(735, '::1', 'Chrome - 106.0.0.0', 'admin', 2, 'Inicio', 'Inicio', '2022-11-26 15:42:53'),
(736, '::1', 'Chrome - 106.0.0.0', 'admin', 2, 'Inicio', 'Inicio', '2022-11-26 15:49:57'),
(737, '::1', 'Chrome - 106.0.0.0', 'admin', 4, 'Accesos', 'accesos', '2022-11-26 15:50:14'),
(738, '::1', 'Chrome - 106.0.0.0', 'admin', 6, 'Productos', 'productos', '2022-11-26 15:50:18'),
(739, '::1', 'Chrome - 106.0.0.0', 'admin', 6, 'Productos', 'productos', '2022-11-26 15:52:21'),
(740, '::1', 'Chrome - 106.0.0.0', 'admin', 6, 'Productos', 'productos', '2022-11-26 15:55:36'),
(741, '::1', 'Chrome - 106.0.0.0', 'admin', 6, 'Productos', 'productos', '2022-11-26 15:55:49'),
(742, '::1', 'Chrome - 106.0.0.0', 'admin', 6, 'Productos', 'productos', '2022-11-26 15:56:13'),
(743, '::1', 'Chrome - 106.0.0.0', 'admin', 6, 'Productos', 'productos', '2022-11-26 15:56:27'),
(744, '::1', 'Chrome - 106.0.0.0', 'admin', 6, 'Productos', 'productos', '2022-11-26 15:56:36'),
(745, '::1', 'Chrome - 106.0.0.0', 'admin', 6, 'Productos', 'productos', '2022-11-26 15:57:09'),
(746, '::1', 'Chrome - 106.0.0.0', 'admin', 6, 'Productos', 'productos', '2022-11-26 15:57:27'),
(747, '::1', 'Chrome - 106.0.0.0', 'admin', 6, 'Productos', 'productos', '2022-11-26 15:57:36'),
(748, '::1', 'Chrome - 106.0.0.0', 'admin', 6, 'Productos', 'productos', '2022-11-26 15:59:53'),
(749, '::1', 'Chrome - 106.0.0.0', 'admin', 6, 'Productos', 'productos', '2022-11-26 16:00:31'),
(750, '::1', 'Chrome - 106.0.0.0', 'admin', 2, 'Inicio', 'Inicio', '2022-11-26 16:52:19'),
(751, '::1', 'Chrome - 106.0.0.0', 'admin', 2, 'Inicio', 'Inicio', '2022-11-26 16:52:23'),
(752, '::1', 'Chrome - 106.0.0.0', 'admin', 2, 'Inicio', 'Inicio', '2022-11-26 16:52:25'),
(753, '::1', 'Chrome - 106.0.0.0', 'admin', 6, 'Productos', 'productos', '2022-11-26 16:59:00'),
(754, '::1', 'Chrome - 106.0.0.0', 'admin', 2, 'Inicio', 'Inicio', '2022-11-26 17:02:59'),
(755, '::1', 'Chrome - 106.0.0.0', 'admin', 6, 'Productos', 'productos', '2022-11-26 17:03:00'),
(756, '::1', 'Chrome - 106.0.0.0', 'admin', 6, 'Productos', 'productos', '2022-11-26 17:06:57'),
(757, '::1', 'Chrome - 106.0.0.0', 'admin', 6, 'Productos', 'productos', '2022-11-26 17:07:06'),
(758, '::1', 'Chrome - 106.0.0.0', 'admin', 6, 'Productos', 'productos', '2022-11-26 17:07:23'),
(759, '::1', 'Chrome - 106.0.0.0', 'admin', 6, 'Productos', 'productos', '2022-11-26 17:38:38'),
(760, '::1', 'Chrome - 106.0.0.0', 'admin', 6, 'Productos', 'productos', '2022-11-26 17:39:00'),
(761, '::1', 'Chrome - 106.0.0.0', 'admin', 2, 'Inicio', 'Inicio', '2022-11-26 17:44:42'),
(762, '::1', 'Chrome - 106.0.0.0', 'admin', 6, 'Productos', 'productos', '2022-11-26 17:44:45'),
(763, '::1', 'Chrome - 106.0.0.0', 'admin', 2, 'Inicio', 'Inicio', '2022-11-26 17:45:10'),
(764, '::1', 'Chrome - 106.0.0.0', 'admin', 6, 'Productos', 'productos', '2022-11-26 17:45:12'),
(765, '::1', 'Chrome - 106.0.0.0', 'admin', 2, 'Inicio', 'Inicio', '2022-11-26 17:47:07'),
(766, '::1', 'Chrome - 106.0.0.0', 'admin', 2, 'Inicio', 'Inicio', '2022-11-26 18:20:09'),
(767, '::1', 'Chrome - 106.0.0.0', 'admin', 6, 'Productos', 'productos', '2022-11-26 18:20:13'),
(768, '::1', 'Chrome - 106.0.0.0', 'admin', 5, 'Usuarios', 'usuarios', '2022-11-26 18:20:24'),
(769, '::1', 'Chrome - 106.0.0.0', 'admin', 6, 'Productos', 'productos', '2022-11-26 18:20:26'),
(770, '::1', 'Chrome - 106.0.0.0', 'admin', 2, 'Inicio', 'Inicio', '2022-11-26 18:20:36'),
(771, '::1', 'Chrome - 106.0.0.0', 'admin', 5, 'Usuarios', 'usuarios', '2022-11-26 18:20:38'),
(772, '::1', 'Chrome - 106.0.0.0', 'admin', 6, 'Productos', 'productos', '2022-11-26 18:20:42'),
(773, '::1', 'Chrome - 106.0.0.0', 'admin', 2, 'Inicio', 'Inicio', '2022-11-26 18:23:04'),
(774, '::1', 'Chrome - 106.0.0.0', 'admin', 2, 'Inicio', 'Inicio', '2022-11-26 18:23:20'),
(775, '::1', 'Chrome - 106.0.0.0', 'admin', 4, 'Accesos', 'accesos', '2022-11-26 18:23:55'),
(776, '::1', 'Chrome - 106.0.0.0', 'admin', 5, 'Usuarios', 'usuarios', '2022-11-26 18:24:04'),
(777, '::1', 'Chrome - 106.0.0.0', 'admin', 4, 'Accesos', 'accesos', '2022-11-26 18:24:07'),
(778, '::1', 'Chrome - 106.0.0.0', 'admin', 4, 'Accesos', 'accesos', '2022-11-26 18:24:21'),
(779, '::1', 'Chrome - 106.0.0.0', 'admin', 4, 'Accesos', 'accesos', '2022-11-26 18:24:28'),
(780, '::1', 'Chrome - 106.0.0.0', 'admin', 5, 'Usuarios', 'usuarios', '2022-11-26 18:24:34'),
(781, '::1', 'Chrome - 106.0.0.0', 'admin', 2, 'Inicio', 'Inicio', '2022-11-26 18:39:08'),
(782, '::1', 'Chrome - 106.0.0.0', 'admin', 6, 'Productos', 'productos', '2022-11-26 18:39:13'),
(783, '::1', 'Chrome - 106.0.0.0', 'admin', 6, 'Productos', 'productos', '2022-11-26 18:39:37'),
(784, '::1', 'Chrome - 106.0.0.0', 'admin', 2, 'Inicio', 'Inicio', '2022-11-26 18:43:52'),
(785, '::1', 'Chrome - 106.0.0.0', 'admin', 6, 'Productos', 'productos', '2022-11-26 18:43:54'),
(786, '::1', 'Chrome - 106.0.0.0', 'admin', 6, 'Productos', 'productos', '2022-11-26 18:43:55'),
(787, '::1', 'Chrome - 106.0.0.0', 'admin', 5, 'Usuarios', 'usuarios', '2022-11-26 18:44:03'),
(788, '::1', 'Chrome - 106.0.0.0', 'admin', 4, 'Accesos', 'accesos', '2022-11-26 18:44:07'),
(789, '::1', 'Chrome - 106.0.0.0', 'admin', 4, 'Accesos', 'accesos', '2022-11-26 18:44:14'),
(790, '::1', 'Chrome - 106.0.0.0', 'admin', 7, 'Pedidos', 'pedidos', '2022-11-26 18:44:15'),
(791, '::1', 'Chrome - 106.0.0.0', 'admin', 2, 'Inicio', 'Inicio', '2022-11-26 19:22:32'),
(792, '::1', 'Chrome - 106.0.0.0', 'admin', 7, 'Pedidos', 'pedidos', '2022-11-26 19:22:34'),
(793, '::1', 'Chrome - 106.0.0.0', 'admin', 4, 'Accesos', 'accesos', '2022-11-26 19:31:45'),
(794, '::1', 'Chrome - 106.0.0.0', 'admin', 4, 'Accesos', 'accesos', '2022-11-26 19:32:08'),
(795, '::1', 'Chrome - 106.0.0.0', 'admin', 7, 'Pedidos', 'pedidos', '2022-11-26 19:32:10'),
(796, '::1', 'Chrome - 106.0.0.0', 'admin', 5, 'Usuarios', 'usuarios', '2022-11-26 19:33:55'),
(797, '::1', 'Chrome - 106.0.0.0', 'admin', 6, 'Productos', 'productos', '2022-11-26 19:34:20'),
(798, '::1', 'Chrome - 106.0.0.0', 'admin', 7, 'Pedidos', 'pedidos', '2022-11-26 19:34:22'),
(799, '::1', 'Chrome - 106.0.0.0', 'admin', 6, 'Productos', 'productos', '2022-11-26 19:40:01'),
(800, '::1', 'Chrome - 106.0.0.0', 'admin', 7, 'Pedidos', 'pedidos', '2022-11-26 19:40:05'),
(801, '::1', 'Chrome - 106.0.0.0', 'admin', 6, 'Productos', 'productos', '2022-11-26 19:40:07'),
(802, '::1', 'Chrome - 106.0.0.0', 'admin', 6, 'Productos', 'productos', '2022-11-26 19:40:42'),
(803, '::1', 'Chrome - 106.0.0.0', 'admin', 7, 'Pedidos', 'pedidos', '2022-11-26 19:40:47'),
(804, '::1', 'Chrome - 106.0.0.0', 'admin', 7, 'Pedidos', 'pedidos', '2022-11-26 19:49:45'),
(805, '::1', 'Chrome - 106.0.0.0', 'admin', 2, 'Inicio', 'Inicio', '2022-11-26 20:49:06'),
(806, '::1', 'Chrome - 106.0.0.0', 'admin', 2, 'Inicio', 'Inicio', '2022-11-26 20:49:06'),
(807, '::1', 'Chrome - 106.0.0.0', 'admin', 7, 'Pedidos', 'pedidos', '2022-11-26 20:49:12'),
(808, '::1', 'Chrome - 106.0.0.0', 'admin', 6, 'Productos', 'productos', '2022-11-26 20:50:24'),
(809, '::1', 'Chrome - 106.0.0.0', 'admin', 7, 'Pedidos', 'pedidos', '2022-11-26 20:52:35'),
(810, '::1', 'Chrome - 106.0.0.0', 'admin', 6, 'Productos', 'productos', '2022-11-26 20:54:08'),
(811, '::1', 'Chrome - 106.0.0.0', 'admin', 4, 'Accesos', 'accesos', '2022-11-26 20:54:09'),
(812, '::1', 'Chrome - 106.0.0.0', 'admin', 5, 'Usuarios', 'usuarios', '2022-11-26 20:54:12'),
(813, '::1', 'Chrome - 106.0.0.0', 'admin', 4, 'Accesos', 'accesos', '2022-11-26 20:54:30'),
(814, '::1', 'Chrome - 106.0.0.0', 'admin', 2, 'Inicio', 'Inicio', '2022-11-26 20:54:33'),
(815, '::1', 'Chrome - 106.0.0.0', 'admin', 6, 'Productos', 'productos', '2022-11-26 21:02:45'),
(816, '::1', 'Chrome - 106.0.0.0', 'admin', 7, 'Pedidos', 'pedidos', '2022-11-26 21:02:49'),
(817, '::1', 'Chrome - 106.0.0.0', 'admin', 2, 'Inicio', 'Inicio', '2022-11-26 21:05:44'),
(818, '::1', 'Chrome - 106.0.0.0', 'admin', 6, 'Productos', 'productos', '2022-11-26 21:06:54'),
(819, '::1', 'Chrome - 106.0.0.0', 'admin', 7, 'Pedidos', 'pedidos', '2022-11-26 21:07:00'),
(820, '::1', 'Chrome - 106.0.0.0', 'admin', 7, 'Pedidos', 'pedidos', '2022-11-26 21:09:01'),
(821, '::1', 'Chrome - 106.0.0.0', 'admin', 7, 'Pedidos', 'pedidos', '2022-11-26 21:09:07'),
(822, '::1', 'Chrome - 106.0.0.0', 'admin', 7, 'Pedidos', 'pedidos', '2022-11-26 21:09:54'),
(823, '::1', 'Chrome - 106.0.0.0', 'admin', 6, 'Productos', 'productos', '2022-11-26 21:11:20'),
(824, '::1', 'Chrome - 106.0.0.0', 'admin', 2, 'Inicio', 'Inicio', '2022-11-26 21:11:23'),
(825, '::1', 'Chrome - 106.0.0.0', 'admin', 7, 'Pedidos', 'pedidos', '2022-11-26 21:11:25'),
(826, '::1', 'Chrome - 106.0.0.0', 'admin', 7, 'Pedidos', 'pedidos', '2022-11-26 21:12:05'),
(827, '::1', 'Chrome - 106.0.0.0', 'admin', 2, 'Inicio', 'Inicio', '2022-11-26 21:13:54'),
(828, '::1', 'Chrome - 106.0.0.0', 'admin', 7, 'Pedidos', 'pedidos', '2022-11-26 21:13:59'),
(829, '::1', 'Chrome - 106.0.0.0', 'admin', 7, 'Pedidos', 'pedidos', '2022-11-26 21:20:06'),
(830, '::1', 'Chrome - 106.0.0.0', 'admin', 7, 'Pedidos', 'pedidos', '2022-11-26 21:20:52'),
(831, '::1', 'Chrome - 106.0.0.0', 'admin', 2, 'Inicio', 'Inicio', '2022-11-26 21:20:56'),
(832, '::1', 'Chrome - 106.0.0.0', 'admin', 7, 'Pedidos', 'pedidos', '2022-11-26 21:20:58'),
(833, '::1', 'Chrome - 106.0.0.0', 'admin', 7, 'Pedidos', 'pedidos', '2022-11-26 21:21:46'),
(834, '::1', 'Chrome - 106.0.0.0', 'admin', 7, 'Pedidos', 'pedidos', '2022-11-26 21:22:24'),
(835, '::1', 'Chrome - 106.0.0.0', 'admin', 7, 'Pedidos', 'pedidos', '2022-11-26 21:22:49'),
(836, '::1', 'Chrome - 106.0.0.0', 'admin', 7, 'Pedidos', 'pedidos', '2022-11-26 21:23:05'),
(837, '::1', 'Chrome - 106.0.0.0', 'admin', 7, 'Pedidos', 'pedidos', '2022-11-26 21:23:37'),
(838, '::1', 'Chrome - 106.0.0.0', 'admin', 7, 'Pedidos', 'pedidos', '2022-11-26 21:24:04'),
(839, '::1', 'Chrome - 106.0.0.0', 'admin', 2, 'Inicio', 'Inicio', '2022-11-26 21:27:29'),
(840, '::1', 'Chrome - 106.0.0.0', 'admin', 2, 'Inicio', 'Inicio', '2022-11-26 21:27:29'),
(841, '::1', 'Chrome - 106.0.0.0', 'admin', 4, 'Accesos', 'accesos', '2022-11-26 21:27:41'),
(842, '::1', 'Chrome - 106.0.0.0', 'admin', 6, 'Productos', 'productos', '2022-11-26 21:27:59'),
(843, '::1', 'Chrome - 106.0.0.0', 'admin', 7, 'Pedidos', 'pedidos', '2022-11-26 21:29:32'),
(844, '::1', 'Chrome - 106.0.0.0', 'admin', 2, 'Inicio', 'Inicio', '2022-11-26 21:30:51'),
(845, '::1', 'Chrome - 106.0.0.0', 'admin', 2, 'Inicio', 'Inicio', '2022-11-27 02:40:13'),
(846, '::1', 'Chrome - 106.0.0.0', 'admin', 7, 'Pedidos', 'pedidos', '2022-11-27 02:41:11'),
(847, '::1', 'Chrome - 106.0.0.0', 'admin', 6, 'Productos', 'productos', '2022-11-27 02:41:14'),
(848, '::1', 'Chrome - 106.0.0.0', 'admin', 7, 'Pedidos', 'pedidos', '2022-11-27 02:41:19'),
(849, '::1', 'Chrome - 106.0.0.0', 'admin', 6, 'Productos', 'productos', '2022-11-27 02:42:14'),
(850, '::1', 'Chrome - 106.0.0.0', 'admin', 2, 'Inicio', 'Inicio', '2022-11-27 02:42:17'),
(851, '::1', 'Chrome - 106.0.0.0', 'admin', 4, 'Accesos', 'accesos', '2022-11-27 02:42:18'),
(852, '::1', 'Chrome - 106.0.0.0', 'admin', 6, 'Productos', 'productos', '2022-11-27 02:42:21'),
(853, '::1', 'Chrome - 106.0.0.0', 'admin', 7, 'Pedidos', 'pedidos', '2022-11-27 02:42:31'),
(854, '::1', 'Chrome - 106.0.0.0', 'admin', 6, 'Productos', 'productos', '2022-11-27 02:42:36'),
(855, '::1', 'Chrome - 106.0.0.0', 'admin', 7, 'Pedidos', 'pedidos', '2022-11-27 02:43:09'),
(856, '::1', 'Chrome - 106.0.0.0', 'admin', 7, 'Pedidos', 'pedidos', '2022-11-27 02:46:00'),
(857, '::1', 'Chrome - 106.0.0.0', 'admin', 6, 'Productos', 'productos', '2022-11-27 02:47:10'),
(858, '::1', 'Chrome - 106.0.0.0', 'admin', 7, 'Pedidos', 'pedidos', '2022-11-27 02:49:16'),
(859, '::1', 'Chrome - 106.0.0.0', 'admin', 6, 'Productos', 'productos', '2022-11-27 02:49:19'),
(860, '::1', 'Chrome - 106.0.0.0', 'admin', 7, 'Pedidos', 'pedidos', '2022-11-27 02:49:21'),
(861, '::1', 'Chrome - 106.0.0.0', 'admin', 6, 'Productos', 'productos', '2022-11-27 02:49:44'),
(862, '::1', 'Chrome - 106.0.0.0', 'admin', 7, 'Pedidos', 'pedidos', '2022-11-27 02:50:10'),
(863, '::1', 'Chrome - 106.0.0.0', 'admin', 6, 'Productos', 'productos', '2022-11-27 02:50:31'),
(864, '::1', 'Chrome - 106.0.0.0', 'admin', 6, 'Productos', 'productos', '2022-11-27 02:50:51'),
(865, '::1', 'Chrome - 106.0.0.0', 'admin', 7, 'Pedidos', 'pedidos', '2022-11-27 02:50:59'),
(866, '::1', 'Chrome - 106.0.0.0', 'admin', 7, 'Pedidos', 'pedidos', '2022-11-27 03:09:48'),
(867, '::1', 'Chrome - 106.0.0.0', 'admin', 7, 'Pedidos', 'pedidos', '2022-11-27 03:10:54'),
(868, '::1', 'Chrome - 106.0.0.0', 'admin', 7, 'Pedidos', 'pedidos', '2022-11-27 03:11:21'),
(869, '::1', 'Chrome - 106.0.0.0', 'admin', 7, 'Pedidos', 'pedidos', '2022-11-27 03:11:38'),
(870, '::1', 'Chrome - 106.0.0.0', 'admin', 7, 'Pedidos', 'pedidos', '2022-11-27 03:24:32'),
(871, '::1', 'Chrome - 106.0.0.0', 'admin', 2, 'Inicio', 'Inicio', '2022-11-27 03:25:42'),
(872, '::1', 'Chrome - 106.0.0.0', 'admin', 2, 'Inicio', 'Inicio', '2022-11-27 03:39:18'),
(873, '::1', 'Chrome - 106.0.0.0', 'admin', 2, 'Inicio', 'Inicio', '2022-11-27 03:39:18'),
(874, '::1', 'Chrome - 106.0.0.0', 'admin', 6, 'Productos', 'productos', '2022-11-27 03:39:22'),
(875, '::1', 'Chrome - 106.0.0.0', 'admin', 6, 'Productos', 'productos', '2022-11-27 03:45:03'),
(876, '::1', 'Chrome - 106.0.0.0', 'admin', 6, 'Productos', 'productos', '2022-11-27 03:45:35'),
(877, '::1', 'Chrome - 106.0.0.0', 'admin', 2, 'Inicio', 'Inicio', '2022-11-27 03:45:37'),
(878, '::1', 'Chrome - 106.0.0.0', 'admin', 7, 'Pedidos', 'pedidos', '2022-11-27 03:45:39'),
(879, '::1', 'Chrome - 106.0.0.0', 'admin', 2, 'Inicio', 'Inicio', '2022-11-27 12:10:20'),
(880, '::1', 'Chrome - 106.0.0.0', 'admin', 2, 'Inicio', 'Inicio', '2022-11-27 12:10:33'),
(881, '::1', 'Chrome - 106.0.0.0', 'admin', 7, 'Pedidos', 'pedidos', '2022-11-27 12:11:27'),
(882, '::1', 'Chrome - 106.0.0.0', 'admin', 6, 'Productos', 'productos', '2022-11-27 12:11:39'),
(883, '::1', 'Chrome - 106.0.0.0', 'admin', 6, 'Productos', 'productos', '2022-11-27 12:12:21'),
(884, '::1', 'Chrome - 106.0.0.0', 'admin', 2, 'Inicio', 'Inicio', '2022-11-27 12:13:07'),
(885, '::1', 'Chrome - 106.0.0.0', 'admin', 2, 'Inicio', 'Inicio', '2022-11-27 12:17:30'),
(886, '::1', 'Chrome - 106.0.0.0', 'admin', 6, 'Productos', 'productos', '2022-11-27 12:17:53'),
(887, '::1', 'Chrome - 106.0.0.0', 'admin', 7, 'Pedidos', 'pedidos', '2022-11-27 12:19:07'),
(888, '::1', 'Chrome - 106.0.0.0', 'admin', 6, 'Productos', 'productos', '2022-11-27 12:19:27'),
(889, '::1', 'Chrome - 106.0.0.0', 'admin', 6, 'Productos', 'productos', '2022-11-27 12:30:50'),
(890, '::1', 'Chrome - 106.0.0.0', 'admin', 6, 'Productos', 'productos', '2022-11-27 12:33:15'),
(891, '::1', 'Chrome - 106.0.0.0', 'admin', 6, 'Productos', 'productos', '2022-11-27 12:33:25'),
(892, '::1', 'Chrome - 106.0.0.0', 'admin', 6, 'Productos', 'productos', '2022-11-27 12:37:37'),
(893, '::1', 'Chrome - 106.0.0.0', 'admin', 7, 'Pedidos', 'pedidos', '2022-11-27 12:37:39'),
(894, '::1', 'Chrome - 106.0.0.0', 'admin', 7, 'Pedidos', 'pedidos', '2022-11-27 12:38:07'),
(895, '::1', 'Chrome - 106.0.0.0', 'admin', 6, 'Productos', 'productos', '2022-11-27 12:38:09'),
(896, '::1', 'Chrome - 106.0.0.0', 'admin', 6, 'Productos', 'productos', '2022-11-27 12:38:26'),
(897, '::1', 'Chrome - 106.0.0.0', 'admin', 6, 'Productos', 'productos', '2022-11-27 12:38:36'),
(898, '::1', 'Chrome - 106.0.0.0', 'admin', 6, 'Productos', 'productos', '2022-11-27 12:40:55'),
(899, '::1', 'Chrome - 106.0.0.0', 'admin', 6, 'Productos', 'productos', '2022-11-27 12:48:07'),
(900, '::1', 'Chrome - 106.0.0.0', 'admin', 6, 'Productos', 'productos', '2022-11-27 12:50:09'),
(901, '::1', 'Chrome - 106.0.0.0', 'admin', 6, 'Productos', 'productos', '2022-11-27 12:50:32'),
(902, '::1', 'Chrome - 106.0.0.0', 'admin', 7, 'Pedidos', 'pedidos', '2022-11-27 12:50:57'),
(903, '::1', 'Chrome - 106.0.0.0', 'admin', 7, 'Pedidos', 'pedidos', '2022-11-27 12:51:01'),
(904, '::1', 'Chrome - 106.0.0.0', 'admin', 6, 'Productos', 'productos', '2022-11-27 12:51:02'),
(905, '::1', 'Chrome - 106.0.0.0', 'admin', 7, 'Pedidos', 'pedidos', '2022-11-27 12:51:10'),
(906, '::1', 'Chrome - 106.0.0.0', 'admin', 6, 'Productos', 'productos', '2022-11-27 12:51:13'),
(907, '::1', 'Chrome - 106.0.0.0', 'admin', 6, 'Productos', 'productos', '2022-11-27 12:52:23'),
(908, '::1', 'Chrome - 106.0.0.0', 'admin', 6, 'Productos', 'productos', '2022-11-27 12:53:30'),
(909, '::1', 'Chrome - 106.0.0.0', 'admin', 6, 'Productos', 'productos', '2022-11-27 12:53:59'),
(910, '::1', 'Chrome - 106.0.0.0', 'admin', 6, 'Productos', 'productos', '2022-11-27 12:54:44'),
(911, '::1', 'Chrome - 106.0.0.0', 'admin', 6, 'Productos', 'productos', '2022-11-27 12:56:10'),
(912, '::1', 'Chrome - 106.0.0.0', 'admin', 6, 'Productos', 'productos', '2022-11-27 12:56:23'),
(913, '::1', 'Chrome - 106.0.0.0', 'admin', 6, 'Productos', 'productos', '2022-11-27 12:56:35'),
(914, '::1', 'Chrome - 106.0.0.0', 'admin', 6, 'Productos', 'productos', '2022-11-27 12:56:45'),
(915, '::1', 'Chrome - 106.0.0.0', 'admin', 6, 'Productos', 'productos', '2022-11-27 12:59:00'),
(916, '::1', 'Chrome - 106.0.0.0', 'admin', 6, 'Productos', 'productos', '2022-11-27 12:59:50'),
(917, '::1', 'Chrome - 106.0.0.0', 'admin', 6, 'Productos', 'productos', '2022-11-27 13:00:25'),
(918, '::1', 'Chrome - 106.0.0.0', 'admin', 6, 'Productos', 'productos', '2022-11-27 13:01:16'),
(919, '::1', 'Chrome - 106.0.0.0', 'admin', 6, 'Productos', 'productos', '2022-11-27 13:01:43'),
(920, '::1', 'Chrome - 106.0.0.0', 'admin', 6, 'Productos', 'productos', '2022-11-27 13:04:56'),
(921, '::1', 'Chrome - 106.0.0.0', 'admin', 6, 'Productos', 'productos', '2022-11-27 13:07:25'),
(922, '::1', 'Chrome - 106.0.0.0', 'admin', 7, 'Pedidos', 'pedidos', '2022-11-27 13:07:28'),
(923, '::1', 'Chrome - 106.0.0.0', 'admin', 5, 'Usuarios', 'usuarios', '2022-11-27 13:07:46'),
(924, '::1', 'Chrome - 106.0.0.0', 'admin', 5, 'Usuarios', 'usuarios', '2022-11-27 13:08:10'),
(925, '::1', 'Chrome - 106.0.0.0', 'admin', 6, 'Productos', 'productos', '2022-11-27 13:08:16'),
(926, '::1', 'Chrome - 106.0.0.0', 'admin', 7, 'Pedidos', 'pedidos', '2022-11-27 13:08:18'),
(927, '::1', 'Chrome - 106.0.0.0', 'admin', 7, 'Pedidos', 'pedidos', '2022-11-27 13:09:35'),
(928, '::1', 'Chrome - 106.0.0.0', 'admin', 2, 'Inicio', 'Inicio', '2022-11-27 13:10:19'),
(929, '::1', 'Chrome - 106.0.0.0', 'admin', 7, 'Pedidos', 'pedidos', '2022-11-27 13:10:22'),
(930, '::1', 'Chrome - 106.0.0.0', 'admin', 7, 'Pedidos', 'pedidos', '2022-11-27 13:10:31'),
(931, '::1', 'Chrome - 106.0.0.0', 'admin', 6, 'Productos', 'productos', '2022-11-27 13:10:33'),
(932, '::1', 'Chrome - 106.0.0.0', 'admin', 7, 'Pedidos', 'pedidos', '2022-11-27 13:10:35'),
(933, '::1', 'Chrome - 106.0.0.0', 'admin', 7, 'Pedidos', 'pedidos', '2022-11-27 13:11:48'),
(934, '::1', 'Chrome - 106.0.0.0', 'admin', 7, 'Pedidos', 'pedidos', '2022-11-27 13:12:12'),
(935, '::1', 'Chrome - 106.0.0.0', 'admin', 7, 'Pedidos', 'pedidos', '2022-11-27 13:12:41'),
(936, '::1', 'Chrome - 106.0.0.0', 'admin', 7, 'Pedidos', 'pedidos', '2022-11-27 13:17:26'),
(937, '::1', 'Chrome - 106.0.0.0', 'admin', 7, 'Pedidos', 'pedidos', '2022-11-27 13:19:06'),
(938, '::1', 'Chrome - 106.0.0.0', 'admin', 6, 'Productos', 'productos', '2022-11-27 13:19:08'),
(939, '::1', 'Chrome - 106.0.0.0', 'admin', 2, 'Inicio', 'Inicio', '2022-11-27 13:19:14'),
(940, '::1', 'Chrome - 106.0.0.0', 'admin', 4, 'Accesos', 'accesos', '2022-11-27 13:19:18'),
(941, '::1', 'Chrome - 106.0.0.0', 'admin', 5, 'Usuarios', 'usuarios', '2022-11-27 13:19:20'),
(942, '::1', 'Chrome - 106.0.0.0', 'admin', 2, 'Inicio', 'Inicio', '2022-11-27 13:19:50'),
(943, '::1', 'Chrome - 106.0.0.0', 'admin', 6, 'Productos', 'productos', '2022-11-27 13:19:52'),
(944, '::1', 'Chrome - 106.0.0.0', 'admin', 6, 'Productos', 'productos', '2022-11-27 13:19:54'),
(945, '::1', 'Chrome - 106.0.0.0', 'admin', 7, 'Pedidos', 'pedidos', '2022-11-27 13:21:01'),
(946, '::1', 'Chrome - 106.0.0.0', 'admin', 7, 'Pedidos', 'pedidos', '2022-11-27 13:22:03'),
(947, '::1', 'Chrome - 106.0.0.0', 'admin', 7, 'Pedidos', 'pedidos', '2022-11-27 13:25:01'),
(948, '::1', 'Chrome - 106.0.0.0', 'admin', 7, 'Pedidos', 'pedidos', '2022-11-27 13:25:37'),
(949, '::1', 'Chrome - 106.0.0.0', 'admin', 2, 'Inicio', 'Inicio', '2022-11-27 13:25:42'),
(950, '::1', 'Chrome - 106.0.0.0', 'admin', 7, 'Pedidos', 'pedidos', '2022-11-27 13:25:45'),
(951, '::1', 'Chrome - 106.0.0.0', 'admin', 2, 'Inicio', 'Inicio', '2022-11-27 13:26:52'),
(952, '::1', 'Chrome - 106.0.0.0', 'admin', 7, 'Pedidos', 'pedidos', '2022-11-27 13:26:55'),
(953, '::1', 'Chrome - 106.0.0.0', 'admin', 7, 'Pedidos', 'pedidos', '2022-11-27 13:31:55'),
(954, '::1', 'Chrome - 106.0.0.0', 'admin', 2, 'Inicio', 'Inicio', '2022-11-27 13:32:02'),
(955, '::1', 'Chrome - 106.0.0.0', 'admin', 6, 'Productos', 'productos', '2022-11-27 13:32:05'),
(956, '::1', 'Chrome - 106.0.0.0', 'admin', 2, 'Inicio', 'Inicio', '2022-11-27 13:32:06'),
(957, '::1', 'Chrome - 106.0.0.0', 'admin', 7, 'Pedidos', 'pedidos', '2022-11-27 13:32:08'),
(958, '::1', 'Chrome - 106.0.0.0', 'admin', 7, 'Pedidos', 'pedidos', '2022-11-27 13:38:58'),
(959, '::1', 'Chrome - 106.0.0.0', 'admin', 6, 'Productos', 'productos', '2022-11-27 13:39:02'),
(960, '::1', 'Chrome - 106.0.0.0', 'admin', 6, 'Productos', 'productos', '2022-11-27 13:51:07'),
(961, '::1', 'Chrome - 106.0.0.0', 'admin', 6, 'Productos', 'productos', '2022-11-27 13:51:16'),
(962, '::1', 'Chrome - 106.0.0.0', 'admin', 7, 'Pedidos', 'pedidos', '2022-11-27 13:51:19'),
(963, '::1', 'Chrome - 106.0.0.0', 'admin', 6, 'Productos', 'productos', '2022-11-27 13:55:11'),
(964, '::1', 'Chrome - 106.0.0.0', 'admin', 7, 'Pedidos', 'pedidos', '2022-11-27 14:02:00'),
(965, '::1', 'Chrome - 106.0.0.0', 'admin', 2, 'Inicio', 'Inicio', '2022-11-27 14:04:37'),
(966, '::1', 'Chrome - 106.0.0.0', 'admin', 5, 'Usuarios', 'usuarios', '2022-11-27 14:04:43'),
(967, '::1', 'Chrome - 106.0.0.0', 'admin', 5, 'Usuarios', 'usuarios', '2022-11-27 14:05:15'),
(968, '::1', 'Chrome - 106.0.0.0', 'admin', 6, 'Productos', 'productos', '2022-11-27 14:06:10'),
(969, '::1', 'Chrome - 106.0.0.0', 'admin', 7, 'Pedidos', 'pedidos', '2022-11-27 14:06:12'),
(970, '::1', 'Chrome - 106.0.0.0', 'admin', 2, 'Inicio', 'Inicio', '2022-11-27 14:12:52'),
(971, '::1', 'Chrome - 106.0.0.0', 'admin', 2, 'Inicio', 'Inicio', '2022-11-27 14:13:18'),
(972, '::1', 'Chrome - 106.0.0.0', 'admin', 2, 'Inicio', 'Inicio', '2022-11-27 14:14:03'),
(973, '::1', 'Chrome - 106.0.0.0', 'admin', 2, 'Inicio', 'Inicio', '2022-11-27 14:14:16'),
(974, '::1', 'Chrome - 106.0.0.0', 'admin', 2, 'Inicio', 'Inicio', '2022-11-27 14:14:30'),
(975, '::1', 'Chrome - 106.0.0.0', 'admin', 2, 'Inicio', 'Inicio', '2022-11-27 14:14:52'),
(976, '::1', 'Chrome - 106.0.0.0', 'admin', 2, 'Inicio', 'Inicio', '2022-11-27 14:16:03'),
(977, '::1', 'Chrome - 106.0.0.0', 'admin', 2, 'Inicio', 'Inicio', '2022-11-27 14:16:44'),
(978, '::1', 'Chrome - 106.0.0.0', 'admin', 2, 'Inicio', 'Inicio', '2022-11-27 14:17:05'),
(979, '::1', 'Chrome - 106.0.0.0', 'admin', 2, 'Inicio', 'Inicio', '2022-11-27 14:18:49'),
(980, '::1', 'Chrome - 106.0.0.0', 'admin', 2, 'Inicio', 'Inicio', '2022-11-27 14:19:28'),
(981, '::1', 'Chrome - 106.0.0.0', 'admin', 2, 'Inicio', 'Inicio', '2022-11-27 14:19:36'),
(982, '::1', 'Chrome - 106.0.0.0', 'admin', 2, 'Inicio', 'Inicio', '2022-11-27 14:19:44'),
(983, '::1', 'Chrome - 106.0.0.0', 'admin', 2, 'Inicio', 'Inicio', '2022-11-27 14:19:54'),
(984, '::1', 'Chrome - 106.0.0.0', 'admin', 2, 'Inicio', 'Inicio', '2022-11-27 14:20:03'),
(985, '::1', 'Chrome - 106.0.0.0', 'admin', 2, 'Inicio', 'Inicio', '2022-11-27 14:20:09'),
(986, '::1', 'Chrome - 106.0.0.0', 'admin', 2, 'Inicio', 'Inicio', '2022-11-27 14:20:19'),
(987, '::1', 'Chrome - 106.0.0.0', 'admin', 2, 'Inicio', 'Inicio', '2022-11-27 14:20:33'),
(988, '::1', 'Chrome - 106.0.0.0', 'admin', 2, 'Inicio', 'Inicio', '2022-11-27 14:20:56'),
(989, '::1', 'Chrome - 106.0.0.0', 'admin', 2, 'Inicio', 'Inicio', '2022-11-27 14:21:03'),
(990, '::1', 'Chrome - 106.0.0.0', 'admin', 2, 'Inicio', 'Inicio', '2022-11-27 14:21:19'),
(991, '::1', 'Chrome - 106.0.0.0', 'admin', 4, 'Accesos', 'accesos', '2022-11-27 14:21:36'),
(992, '::1', 'Chrome - 106.0.0.0', 'admin', 5, 'Usuarios', 'usuarios', '2022-11-27 14:21:37'),
(993, '::1', 'Chrome - 106.0.0.0', 'admin', 6, 'Productos', 'productos', '2022-11-27 14:21:39'),
(994, '::1', 'Chrome - 106.0.0.0', 'admin', 7, 'Pedidos', 'pedidos', '2022-11-27 14:22:37'),
(995, '::1', 'Chrome - 106.0.0.0', 'admin', 5, 'Usuarios', 'usuarios', '2022-11-27 14:22:39'),
(996, '::1', 'Chrome - 106.0.0.0', 'admin', 2, 'Inicio', 'Inicio', '2022-11-27 14:23:54'),
(997, '::1', 'Chrome - 106.0.0.0', 'admin', 2, 'Inicio', 'Inicio', '2022-11-27 14:24:12'),
(998, '::1', 'Chrome - 106.0.0.0', 'admin', 2, 'Inicio', 'Inicio', '2022-11-27 14:25:13'),
(999, '::1', 'Chrome - 106.0.0.0', 'admin', 2, 'Inicio', 'Inicio', '2022-11-27 14:25:31'),
(1000, '::1', 'Chrome - 106.0.0.0', 'admin', 2, 'Inicio', 'Inicio', '2022-11-27 14:25:57'),
(1001, '::1', 'Chrome - 106.0.0.0', 'admin', 2, 'Inicio', 'Inicio', '2022-11-27 14:26:59'),
(1002, '::1', 'Chrome - 106.0.0.0', 'admin', 2, 'Inicio', 'Inicio', '2022-11-27 14:27:16'),
(1003, '::1', 'Chrome - 106.0.0.0', 'admin', 2, 'Inicio', 'Inicio', '2022-11-27 14:29:22'),
(1004, '::1', 'Chrome - 106.0.0.0', 'admin', 2, 'Inicio', 'Inicio', '2022-11-27 14:29:37'),
(1005, '::1', 'Chrome - 106.0.0.0', 'admin', 2, 'Inicio', 'Inicio', '2022-11-27 14:30:06'),
(1006, '::1', 'Chrome - 106.0.0.0', 'admin', 2, 'Inicio', 'Inicio', '2022-11-27 14:30:15'),
(1007, '::1', 'Chrome - 106.0.0.0', 'admin', 2, 'Inicio', 'Inicio', '2022-11-27 14:30:23'),
(1008, '::1', 'Chrome - 106.0.0.0', 'admin', 2, 'Inicio', 'Inicio', '2022-11-27 14:30:23'),
(1009, '::1', 'Chrome - 106.0.0.0', 'admin', 2, 'Inicio', 'Inicio', '2022-11-27 14:30:29'),
(1010, '::1', 'Chrome - 106.0.0.0', 'admin', 2, 'Inicio', 'Inicio', '2022-11-27 14:30:42'),
(1011, '::1', 'Chrome - 106.0.0.0', 'admin', 2, 'Inicio', 'Inicio', '2022-11-27 14:31:17'),
(1012, '::1', 'Chrome - 106.0.0.0', 'admin', 2, 'Inicio', 'Inicio', '2022-11-27 14:31:28'),
(1013, '::1', 'Chrome - 106.0.0.0', 'admin', 2, 'Inicio', 'Inicio', '2022-11-27 14:31:41'),
(1014, '::1', 'Chrome - 106.0.0.0', 'admin', 2, 'Inicio', 'Inicio', '2022-11-27 14:32:37'),
(1015, '::1', 'Chrome - 106.0.0.0', 'admin', 2, 'Inicio', 'Inicio', '2022-11-27 14:33:45'),
(1016, '::1', 'Chrome - 106.0.0.0', 'admin', 2, 'Inicio', 'Inicio', '2022-11-27 14:34:01'),
(1017, '::1', 'Chrome - 106.0.0.0', 'admin', 2, 'Inicio', 'Inicio', '2022-11-27 14:34:10'),
(1018, '::1', 'Chrome - 106.0.0.0', 'admin', 2, 'Inicio', 'Inicio', '2022-11-27 14:34:31'),
(1019, '::1', 'Chrome - 106.0.0.0', 'admin', 2, 'Inicio', 'Inicio', '2022-11-27 14:34:47'),
(1020, '::1', 'Chrome - 106.0.0.0', 'admin', 2, 'Inicio', 'Inicio', '2022-11-27 14:35:11'),
(1021, '::1', 'Chrome - 106.0.0.0', 'admin', 2, 'Inicio', 'Inicio', '2022-11-27 14:35:18'),
(1022, '::1', 'Chrome - 106.0.0.0', 'admin', 2, 'Inicio', 'Inicio', '2022-11-27 14:35:44'),
(1023, '::1', 'Chrome - 106.0.0.0', 'admin', 2, 'Inicio', 'Inicio', '2022-11-27 14:36:04'),
(1024, '::1', 'Chrome - 106.0.0.0', 'admin', 2, 'Inicio', 'Inicio', '2022-11-27 14:36:13'),
(1025, '::1', 'Chrome - 106.0.0.0', 'admin', 2, 'Inicio', 'Inicio', '2022-11-27 14:36:33'),
(1026, '::1', 'Chrome - 106.0.0.0', 'admin', 2, 'Inicio', 'Inicio', '2022-11-27 14:36:39'),
(1027, '::1', 'Chrome - 106.0.0.0', 'admin', 2, 'Inicio', 'Inicio', '2022-11-27 14:36:58'),
(1028, '::1', 'Chrome - 106.0.0.0', 'admin', 2, 'Inicio', 'Inicio', '2022-11-27 14:37:35'),
(1029, '::1', 'Chrome - 106.0.0.0', 'admin', 2, 'Inicio', 'Inicio', '2022-11-27 14:39:40'),
(1030, '::1', 'Chrome - 106.0.0.0', 'admin', 5, 'Usuarios', 'usuarios', '2022-11-27 14:39:51'),
(1031, '::1', 'Chrome - 106.0.0.0', 'admin', 2, 'Inicio', 'Inicio', '2022-11-27 14:40:41'),
(1032, '::1', 'Chrome - 106.0.0.0', 'admin', 2, 'Inicio', 'Inicio', '2022-11-27 14:49:55'),
(1033, '::1', 'Chrome - 106.0.0.0', 'admin', 2, 'Inicio', 'Inicio', '2022-11-27 14:50:19'),
(1034, '::1', 'Chrome - 106.0.0.0', 'admin', 6, 'Productos', 'productos', '2022-11-27 14:50:28'),
(1035, '::1', 'Chrome - 106.0.0.0', 'admin', 7, 'Pedidos', 'pedidos', '2022-11-27 14:50:40'),
(1036, '::1', 'Chrome - 106.0.0.0', 'admin', 6, 'Productos', 'productos', '2022-11-27 14:50:59'),
(1037, '::1', 'Chrome - 106.0.0.0', 'admin', 7, 'Pedidos', 'pedidos', '2022-11-27 14:51:04'),
(1038, '::1', 'Chrome - 106.0.0.0', 'admin', 7, 'Pedidos', 'pedidos', '2022-11-27 14:51:31'),
(1039, '::1', 'Chrome - 106.0.0.0', 'admin', 6, 'Productos', 'productos', '2022-11-27 14:52:02'),
(1040, '::1', 'Chrome - 106.0.0.0', 'admin', 2, 'Inicio', 'Inicio', '2022-11-27 14:55:12'),
(1041, '::1', 'Chrome - 106.0.0.0', 'admin', 2, 'Inicio', 'Inicio', '2022-11-27 14:56:58'),
(1042, '::1', 'Chrome - 106.0.0.0', 'admin', 2, 'Inicio', 'Inicio', '2022-11-27 14:57:09'),
(1043, '::1', 'Chrome - 106.0.0.0', 'admin', 2, 'Inicio', 'Inicio', '2022-11-27 14:57:13'),
(1044, '::1', 'Chrome - 106.0.0.0', 'admin', 2, 'Inicio', 'Inicio', '2022-11-27 14:57:27'),
(1045, '::1', 'Chrome - 106.0.0.0', 'admin', 2, 'Inicio', 'Inicio', '2022-11-27 14:57:39'),
(1046, '::1', 'Chrome - 106.0.0.0', 'admin', 2, 'Inicio', 'Inicio', '2022-11-27 14:57:44'),
(1047, '::1', 'Chrome - 106.0.0.0', 'admin', 2, 'Inicio', 'Inicio', '2022-11-27 14:57:51'),
(1048, '::1', 'Chrome - 106.0.0.0', 'admin', 2, 'Inicio', 'Inicio', '2022-11-27 14:58:05'),
(1049, '::1', 'Chrome - 106.0.0.0', 'admin', 2, 'Inicio', 'Inicio', '2022-11-27 14:58:09'),
(1050, '::1', 'Chrome - 106.0.0.0', 'admin', 2, 'Inicio', 'Inicio', '2022-11-27 14:58:16'),
(1051, '::1', 'Chrome - 106.0.0.0', 'admin', 2, 'Inicio', 'Inicio', '2022-11-27 14:59:10'),
(1052, '::1', 'Chrome - 106.0.0.0', 'admin', 2, 'Inicio', 'Inicio', '2022-11-27 14:59:47'),
(1053, '::1', 'Chrome - 106.0.0.0', 'admin', 2, 'Inicio', 'Inicio', '2022-11-27 15:00:40'),
(1054, '::1', 'Chrome - 106.0.0.0', 'admin', 2, 'Inicio', 'Inicio', '2022-11-27 15:01:20'),
(1055, '::1', 'Chrome - 106.0.0.0', 'admin', 2, 'Inicio', 'Inicio', '2022-11-27 15:01:27'),
(1056, '::1', 'Chrome - 106.0.0.0', 'admin', 2, 'Inicio', 'Inicio', '2022-11-27 15:18:16'),
(1057, '::1', 'Chrome - 106.0.0.0', 'admin', 2, 'Inicio', 'Inicio', '2022-11-27 15:20:26'),
(1058, '::1', 'Chrome - 106.0.0.0', 'admin', 2, 'Inicio', 'Inicio', '2022-11-27 15:20:36'),
(1059, '::1', 'Chrome - 106.0.0.0', 'admin', 2, 'Inicio', 'Inicio', '2022-11-27 15:20:49'),
(1060, '::1', 'Chrome - 106.0.0.0', 'admin', 2, 'Inicio', 'Inicio', '2022-11-27 15:21:03'),
(1061, '::1', 'Chrome - 106.0.0.0', 'admin', 2, 'Inicio', 'Inicio', '2022-11-27 15:21:08'),
(1062, '::1', 'Chrome - 106.0.0.0', 'admin', 2, 'Inicio', 'Inicio', '2022-11-27 15:21:43'),
(1063, '::1', 'Chrome - 106.0.0.0', 'admin', 2, 'Inicio', 'Inicio', '2022-11-27 15:21:51'),
(1064, '::1', 'Chrome - 106.0.0.0', 'admin', 2, 'Inicio', 'Inicio', '2022-11-27 15:21:58'),
(1065, '::1', 'Chrome - 106.0.0.0', 'admin', 2, 'Inicio', 'Inicio', '2022-11-27 15:22:14'),
(1066, '::1', 'Chrome - 106.0.0.0', 'admin', 2, 'Inicio', 'Inicio', '2022-11-27 15:22:26'),
(1067, '::1', 'Chrome - 106.0.0.0', 'admin', 2, 'Inicio', 'Inicio', '2022-11-27 15:22:51'),
(1068, '::1', 'Chrome - 106.0.0.0', 'admin', 2, 'Inicio', 'Inicio', '2022-11-27 15:23:32'),
(1069, '::1', 'Chrome - 106.0.0.0', 'admin', 2, 'Inicio', 'Inicio', '2022-11-27 15:23:37'),
(1070, '::1', 'Chrome - 106.0.0.0', 'admin', 5, 'Usuarios', 'usuarios', '2022-11-27 15:26:45'),
(1071, '::1', 'Chrome - 106.0.0.0', 'admin', 4, 'Accesos', 'accesos', '2022-11-27 15:27:07'),
(1072, '::1', 'Chrome - 106.0.0.0', 'admin', 6, 'Productos', 'productos', '2022-11-27 15:27:16'),
(1073, '::1', 'Chrome - 106.0.0.0', 'admin', 4, 'Accesos', 'accesos', '2022-11-27 15:27:18'),
(1074, '::1', 'Chrome - 106.0.0.0', 'admin', 6, 'Productos', 'productos', '2022-11-27 15:27:22'),
(1075, '::1', 'Chrome - 106.0.0.0', 'admin', 7, 'Pedidos', 'pedidos', '2022-11-27 15:28:00'),
(1076, '::1', 'Chrome - 106.0.0.0', 'admin', 7, 'Pedidos', 'pedidos', '2022-11-27 15:28:16'),
(1077, '::1', 'Chrome - 106.0.0.0', 'admin', 6, 'Productos', 'productos', '2022-11-27 15:28:21'),
(1078, '::1', 'Chrome - 106.0.0.0', 'admin', 2, 'Inicio', 'Inicio', '2022-11-27 15:28:26'),
(1079, '::1', 'Chrome - 106.0.0.0', 'admin', 2, 'Inicio', 'Inicio', '2022-11-27 15:28:58'),
(1080, '::1', 'Chrome - 106.0.0.0', 'admin', 2, 'Inicio', 'Inicio', '2022-11-27 15:31:02'),
(1081, '::1', 'Chrome - 106.0.0.0', 'admin', 2, 'Inicio', 'Inicio', '2022-11-27 15:31:08'),
(1082, '::1', 'Chrome - 106.0.0.0', 'admin', 2, 'Inicio', 'Inicio', '2022-11-27 15:31:56'),
(1083, '::1', 'Chrome - 106.0.0.0', 'admin', 2, 'Inicio', 'Inicio', '2022-11-27 15:32:18'),
(1084, '::1', 'Chrome - 106.0.0.0', 'admin', 2, 'Inicio', 'Inicio', '2022-11-27 15:32:31'),
(1085, '::1', 'Chrome - 106.0.0.0', 'admin', 2, 'Inicio', 'Inicio', '2022-11-27 15:32:39'),
(1086, '::1', 'Chrome - 106.0.0.0', 'admin', 2, 'Inicio', 'Inicio', '2022-11-27 15:32:55'),
(1087, '::1', 'Chrome - 106.0.0.0', 'admin', 6, 'Productos', 'productos', '2022-11-27 15:33:01'),
(1088, '::1', 'Chrome - 106.0.0.0', 'admin', 5, 'Usuarios', 'usuarios', '2022-11-27 15:33:03'),
(1089, '::1', 'Chrome - 106.0.0.0', 'admin', 2, 'Inicio', 'Inicio', '2022-11-27 15:33:25'),
(1090, '::1', 'Chrome - 106.0.0.0', 'admin', 2, 'Inicio', 'Inicio', '2022-11-27 15:35:56'),
(1091, '::1', 'Chrome - 106.0.0.0', 'admin', 2, 'Inicio', 'Inicio', '2022-11-27 15:39:42'),
(1092, '::1', 'Chrome - 106.0.0.0', 'admin', 2, 'Inicio', 'Inicio', '2022-11-27 15:40:15'),
(1093, '::1', 'Chrome - 106.0.0.0', 'admin', 2, 'Inicio', 'Inicio', '2022-11-27 15:40:16'),
(1094, '::1', 'Chrome - 106.0.0.0', 'admin', 6, 'Productos', 'productos', '2022-11-27 15:40:18'),
(1095, '::1', 'Chrome - 106.0.0.0', 'admin', 2, 'Inicio', 'Inicio', '2022-11-27 15:41:27'),
(1096, '::1', 'Chrome - 106.0.0.0', 'admin', 6, 'Productos', 'productos', '2022-11-27 15:41:30'),
(1097, '::1', 'Chrome - 106.0.0.0', 'admin', 6, 'Productos', 'productos', '2022-11-27 15:42:34'),
(1098, '::1', 'Chrome - 106.0.0.0', 'admin', 6, 'Productos', 'productos', '2022-11-27 15:42:41'),
(1099, '::1', 'Chrome - 106.0.0.0', 'admin', 6, 'Productos', 'productos', '2022-11-27 15:42:41'),
(1100, '::1', 'Chrome - 106.0.0.0', 'admin', 6, 'Productos', 'productos', '2022-11-27 15:42:41'),
(1101, '::1', 'Chrome - 106.0.0.0', 'admin', 6, 'Productos', 'productos', '2022-11-27 15:42:41'),
(1102, '::1', 'Chrome - 106.0.0.0', 'admin', 6, 'Productos', 'productos', '2022-11-27 15:43:33'),
(1103, '::1', 'Chrome - 106.0.0.0', 'admin', 2, 'Inicio', 'Inicio', '2022-11-27 15:44:03'),
(1104, '::1', 'Chrome - 106.0.0.0', 'admin', 2, 'Inicio', 'Inicio', '2022-11-27 15:44:35'),
(1105, '::1', 'Chrome - 106.0.0.0', 'admin', 6, 'Productos', 'productos', '2022-11-27 15:44:37'),
(1106, '::1', 'Chrome - 106.0.0.0', 'admin', 2, 'Inicio', 'Inicio', '2022-11-27 15:44:43'),
(1107, '::1', 'Chrome - 106.0.0.0', 'admin', 5, 'Usuarios', 'usuarios', '2022-11-27 15:44:45'),
(1108, '::1', 'Chrome - 106.0.0.0', 'admin', 7, 'Pedidos', 'pedidos', '2022-11-27 15:44:51'),
(1109, '::1', 'Chrome - 106.0.0.0', 'admin', 7, 'Pedidos', 'pedidos', '2022-11-27 15:45:20'),
(1110, '::1', 'Chrome - 106.0.0.0', 'admin', 5, 'Usuarios', 'usuarios', '2022-11-27 15:45:23');
INSERT INTO `log_menu` (`idlogmenu`, `ip`, `navegador`, `usuario`, `idmenu`, `nombre`, `ventana`, `fecha`) VALUES
(1111, '::1', 'Chrome - 106.0.0.0', 'admin', 7, 'Pedidos', 'pedidos', '2022-11-27 15:45:36'),
(1112, '::1', 'Chrome - 106.0.0.0', 'admin', 2, 'Inicio', 'Inicio', '2022-11-27 23:11:05'),
(1113, '::1', 'Chrome - 106.0.0.0', 'admin', 2, 'Inicio', 'Inicio', '2022-11-27 23:11:14'),
(1114, '::1', 'Chrome - 106.0.0.0', 'admin', 2, 'Inicio', 'Inicio', '2022-11-27 23:11:18'),
(1115, '::1', 'Chrome - 106.0.0.0', 'admin', 5, 'Usuarios', 'usuarios', '2022-11-27 23:11:44'),
(1116, '::1', 'Chrome - 106.0.0.0', 'admin', 6, 'Productos', 'productos', '2022-11-27 23:12:31'),
(1117, '::1', 'Chrome - 106.0.0.0', 'admin', 7, 'Pedidos', 'pedidos', '2022-11-27 23:12:51'),
(1118, '::1', 'Chrome - 106.0.0.0', 'admin', 6, 'Productos', 'productos', '2022-11-27 23:14:39'),
(1119, '::1', 'Chrome - 106.0.0.0', 'admin', 2, 'Inicio', 'Inicio', '2022-11-28 09:23:43'),
(1120, '::1', 'Chrome - 106.0.0.0', 'admin', 2, 'Inicio', 'Inicio', '2022-11-28 09:23:55'),
(1121, '::1', 'Chrome - 106.0.0.0', 'admin', 6, 'Productos', 'productos', '2022-11-28 09:24:06'),
(1122, '::1', 'Chrome - 106.0.0.0', 'admin', 7, 'Pedidos', 'pedidos', '2022-11-28 09:25:12'),
(1123, '::1', 'Chrome - 106.0.0.0', 'admin', 2, 'Inicio', 'Inicio', '2022-11-28 11:36:45'),
(1124, '::1', 'Chrome - 106.0.0.0', 'admin', 2, 'Inicio', 'Inicio', '2022-11-28 11:36:52'),
(1125, '::1', 'Chrome - 106.0.0.0', 'admin', 5, 'Usuarios', 'usuarios', '2022-11-28 11:37:54'),
(1126, '::1', 'Chrome - 106.0.0.0', 'admin', 7, 'Pedidos', 'pedidos', '2022-11-28 11:38:35'),
(1127, '::1', 'Chrome - 106.0.0.0', 'admin', 6, 'Productos', 'productos', '2022-11-28 11:39:36'),
(1128, '::1', 'Chrome - 106.0.0.0', 'admin', 7, 'Pedidos', 'pedidos', '2022-11-28 11:39:45'),
(1129, '::1', 'Chrome - 106.0.0.0', 'admin', 6, 'Productos', 'productos', '2022-11-28 11:39:53'),
(1130, '::1', 'Chrome - 106.0.0.0', 'admin', 2, 'Inicio', 'Inicio', '2022-11-28 11:40:54'),
(1131, '::1', 'Chrome - 106.0.0.0', 'admin', 4, 'Accesos', 'accesos', '2022-11-28 11:41:00'),
(1132, '::1', 'Chrome - 106.0.0.0', 'admin', 4, 'Accesos', 'accesos', '2022-11-28 11:41:16'),
(1133, '::1', 'Chrome - 106.0.0.0', 'admin', 4, 'Accesos', 'accesos', '2022-11-28 11:41:26'),
(1134, '::1', 'Chrome - 106.0.0.0', 'admin', 2, 'Inicio', 'Inicio', '2022-11-28 17:27:40'),
(1135, '::1', 'Chrome - 106.0.0.0', 'admin', 6, 'Productos', 'productos', '2022-11-28 17:27:43'),
(1136, '::1', 'Chrome - 106.0.0.0', 'admin', 7, 'Pedidos', 'pedidos', '2022-11-28 17:27:45'),
(1137, '::1', 'Chrome - 106.0.0.0', 'admin', 5, 'Usuarios', 'usuarios', '2022-11-28 17:27:47'),
(1138, '::1', 'Chrome - 106.0.0.0', 'admin', 2, 'Inicio', 'Inicio', '2022-11-28 17:28:00'),
(1139, '::1', 'Chrome - 106.0.0.0', 'admin', 6, 'Productos', 'productos', '2022-11-28 17:28:07'),
(1140, '::1', 'Chrome - 106.0.0.0', 'admin', 2, 'Inicio', 'Inicio', '2022-11-28 17:38:51'),
(1141, '::1', 'Chrome - 106.0.0.0', 'admin', 5, 'Usuarios', 'usuarios', '2022-11-28 17:38:54'),
(1142, '::1', 'Chrome - 106.0.0.0', 'admin', 6, 'Productos', 'productos', '2022-11-28 17:39:01'),
(1143, '::1', 'Chrome - 106.0.0.0', 'admin', 7, 'Pedidos', 'pedidos', '2022-11-28 17:39:12'),
(1144, '::1', 'Chrome - 106.0.0.0', 'admin', 6, 'Productos', 'productos', '2022-11-28 17:39:58'),
(1145, '::1', 'Chrome - 106.0.0.0', 'admin', 7, 'Pedidos', 'pedidos', '2022-11-28 17:40:14'),
(1146, '::1', 'Chrome - 106.0.0.0', 'admin', 6, 'Productos', 'productos', '2022-11-28 17:40:22'),
(1147, '::1', 'Chrome - 106.0.0.0', 'admin', 2, 'Inicio', 'Inicio', '2022-11-29 12:02:11'),
(1148, '::1', 'Chrome - 106.0.0.0', 'admin', 4, 'Accesos', 'accesos', '2022-11-29 12:03:06'),
(1149, '::1', 'Chrome - 106.0.0.0', 'admin', 2, 'Inicio', 'Inicio', '2022-11-29 12:03:18'),
(1150, '::1', 'Chrome - 106.0.0.0', 'admin', 6, 'Productos', 'productos', '2022-11-29 12:03:23'),
(1151, '::1', 'Chrome - 106.0.0.0', 'admin', 2, 'Inicio', 'Inicio', '2022-11-29 17:20:33'),
(1152, '::1', 'Chrome - 106.0.0.0', 'admin', 7, 'Pedidos', 'pedidos', '2022-11-29 17:20:36'),
(1153, '::1', 'Chrome - 106.0.0.0', 'admin', 7, 'Pedidos', 'pedidos', '2022-11-29 17:22:17'),
(1154, '::1', 'Chrome - 106.0.0.0', 'admin', 7, 'Pedidos', 'pedidos', '2022-11-29 17:24:03'),
(1155, '::1', 'Chrome - 106.0.0.0', 'admin', 2, 'Inicio', 'Inicio', '2022-11-29 17:32:05'),
(1156, '::1', 'Chrome - 106.0.0.0', 'admin', 6, 'Productos', 'productos', '2022-11-29 17:32:48'),
(1157, '::1', 'Chrome - 106.0.0.0', 'admin', 7, 'Pedidos', 'pedidos', '2022-11-29 17:32:52'),
(1158, '::1', 'Chrome - 106.0.0.0', 'admin', 7, 'Pedidos', 'pedidos', '2022-11-29 17:37:57'),
(1159, '::1', 'Chrome - 106.0.0.0', 'admin', 7, 'Pedidos', 'pedidos', '2022-11-29 17:47:50'),
(1160, '::1', 'Chrome - 106.0.0.0', 'admin', 7, 'Pedidos', 'pedidos', '2022-11-29 17:48:17'),
(1161, '::1', 'Chrome - 106.0.0.0', 'admin', 7, 'Pedidos', 'pedidos', '2022-11-29 18:00:01'),
(1162, '::1', 'Chrome - 106.0.0.0', 'admin', 2, 'Inicio', 'Inicio', '2022-11-29 23:23:22'),
(1163, '::1', 'Chrome - 106.0.0.0', 'admin', 7, 'Pedidos', 'pedidos', '2022-11-29 23:23:35'),
(1164, '::1', 'Chrome - 106.0.0.0', 'admin', 2, 'Inicio', 'Inicio', '2022-11-29 23:26:22'),
(1165, '::1', 'Chrome - 106.0.0.0', 'admin', 2, 'Inicio', 'Inicio', '2022-11-29 23:26:22'),
(1166, '::1', 'Chrome - 106.0.0.0', 'admin', 7, 'Pedidos', 'pedidos', '2022-11-29 23:26:26'),
(1167, '::1', 'Chrome - 106.0.0.0', 'admin', 7, 'Pedidos', 'pedidos', '2022-11-29 23:30:19'),
(1168, '::1', 'Chrome - 106.0.0.0', 'admin', 2, 'Inicio', 'Inicio', '2022-11-29 23:30:28'),
(1169, '::1', 'Chrome - 106.0.0.0', 'admin', 7, 'Pedidos', 'pedidos', '2022-11-29 23:30:45'),
(1170, '::1', 'Chrome - 106.0.0.0', 'admin', 7, 'Pedidos', 'pedidos', '2022-11-29 23:41:07'),
(1171, '::1', 'Chrome - 106.0.0.0', 'admin', 2, 'Inicio', 'Inicio', '2022-11-29 23:41:18'),
(1172, '::1', 'Chrome - 106.0.0.0', 'admin', 7, 'Pedidos', 'pedidos', '2022-11-29 23:41:23'),
(1173, '::1', 'Chrome - 106.0.0.0', 'admin', 7, 'Pedidos', 'pedidos', '2022-11-29 23:42:44'),
(1174, '::1', 'Chrome - 106.0.0.0', 'admin', 2, 'Inicio', 'Inicio', '2022-11-30 00:24:15'),
(1175, '::1', 'Chrome - 106.0.0.0', 'admin', 7, 'Pedidos', 'pedidos', '2022-11-30 00:24:31'),
(1176, '::1', 'Chrome - 106.0.0.0', 'admin', 7, 'Pedidos', 'pedidos', '2022-11-30 00:26:25'),
(1177, '::1', 'Chrome - 106.0.0.0', 'admin', 7, 'Pedidos', 'pedidos', '2022-11-30 00:26:27'),
(1178, '::1', 'Chrome - 106.0.0.0', 'admin', 7, 'Pedidos', 'pedidos', '2022-11-30 00:37:30'),
(1179, '::1', 'Chrome - 106.0.0.0', 'admin', 7, 'Pedidos', 'pedidos', '2022-11-30 00:37:32'),
(1180, '::1', 'Chrome - 106.0.0.0', 'admin', 7, 'Pedidos', 'pedidos', '2022-11-30 00:37:34'),
(1181, '::1', 'Chrome - 106.0.0.0', 'admin', 7, 'Pedidos', 'pedidos', '2022-11-30 00:37:40'),
(1182, '::1', 'Chrome - 106.0.0.0', 'admin', 5, 'Usuarios', 'usuarios', '2022-11-30 00:38:23'),
(1183, '::1', 'Chrome - 106.0.0.0', 'admin', 7, 'Pedidos', 'pedidos', '2022-11-30 00:38:29'),
(1184, '::1', 'Chrome - 106.0.0.0', 'admin', 7, 'Pedidos', 'pedidos', '2022-11-30 00:39:49'),
(1185, '::1', 'Chrome - 106.0.0.0', 'admin', 2, 'Inicio', 'Inicio', '2022-11-30 00:44:55'),
(1186, '::1', 'Chrome - 106.0.0.0', 'admin', 7, 'Pedidos', 'pedidos', '2022-11-30 00:44:58'),
(1187, '::1', 'Chrome - 106.0.0.0', 'admin', 7, 'Pedidos', 'pedidos', '2022-11-30 00:48:28'),
(1188, '::1', 'Chrome - 106.0.0.0', 'admin', 2, 'Inicio', 'Inicio', '2022-11-30 00:50:01'),
(1189, '::1', 'Chrome - 106.0.0.0', 'admin', 7, 'Pedidos', 'pedidos', '2022-11-30 00:50:05'),
(1190, '::1', 'Chrome - 106.0.0.0', 'admin', 7, 'Pedidos', 'pedidos', '2022-11-30 01:08:03'),
(1191, '::1', 'Chrome - 106.0.0.0', 'admin', 2, 'Inicio', 'Inicio', '2022-11-30 01:08:09'),
(1192, '::1', 'Chrome - 106.0.0.0', 'admin', 7, 'Pedidos', 'pedidos', '2022-11-30 01:08:11'),
(1193, '::1', 'Chrome - 106.0.0.0', 'admin', 2, 'Inicio', 'Inicio', '2022-11-30 13:24:34'),
(1194, '::1', 'Chrome - 106.0.0.0', 'admin', 7, 'Pedidos', 'pedidos', '2022-11-30 13:24:41'),
(1195, '::1', 'Chrome - 106.0.0.0', 'admin', 2, 'Inicio', 'Inicio', '2022-11-30 13:24:53'),
(1196, '::1', 'Chrome - 106.0.0.0', 'admin', 2, 'Inicio', 'Inicio', '2022-11-30 13:27:43'),
(1197, '::1', 'Chrome - 106.0.0.0', 'admin', 5, 'Usuarios', 'usuarios', '2022-11-30 13:27:50'),
(1198, '::1', 'Chrome - 106.0.0.0', 'admin', 6, 'Productos', 'productos', '2022-11-30 13:28:01'),
(1199, '::1', 'Chrome - 106.0.0.0', 'admin', 6, 'Productos', 'productos', '2022-11-30 13:28:08'),
(1200, '::1', 'Chrome - 106.0.0.0', 'admin', 7, 'Pedidos', 'pedidos', '2022-11-30 13:28:12'),
(1201, '::1', 'Chrome - 106.0.0.0', 'admin', 6, 'Productos', 'productos', '2022-11-30 13:28:33'),
(1202, '::1', 'Chrome - 106.0.0.0', 'admin', 5, 'Usuarios', 'usuarios', '2022-11-30 13:28:38'),
(1203, '::1', 'Chrome - 106.0.0.0', 'admin', 7, 'Pedidos', 'pedidos', '2022-11-30 13:28:41'),
(1204, '::1', 'Chrome - 106.0.0.0', 'admin', 6, 'Productos', 'productos', '2022-11-30 13:28:52'),
(1205, '::1', 'Chrome - 106.0.0.0', 'admin', 7, 'Pedidos', 'pedidos', '2022-11-30 13:28:56'),
(1206, '::1', 'Chrome - 106.0.0.0', 'admin', 2, 'Inicio', 'Inicio', '2022-11-30 15:21:50'),
(1207, '::1', 'Chrome - 106.0.0.0', 'admin', 2, 'Inicio', 'Inicio', '2022-11-30 15:22:25'),
(1208, '::1', 'Chrome - 106.0.0.0', 'admin', 6, 'Productos', 'productos', '2022-11-30 15:22:49'),
(1209, '::1', 'Chrome - 106.0.0.0', 'admin', 5, 'Usuarios', 'usuarios', '2022-11-30 15:23:06'),
(1210, '::1', 'Chrome - 106.0.0.0', 'admin', 7, 'Pedidos', 'pedidos', '2022-11-30 15:23:15'),
(1211, '::1', 'Chrome - 106.0.0.0', 'admin', 2, 'Inicio', 'Inicio', '2022-11-30 21:24:16'),
(1212, '::1', 'Chrome - 106.0.0.0', 'admin', 5, 'Usuarios', 'usuarios', '2022-11-30 21:24:19'),
(1213, '::1', 'Chrome - 106.0.0.0', 'admin', 6, 'Productos', 'productos', '2022-11-30 21:25:21'),
(1214, '::1', 'Chrome - 106.0.0.0', 'admin', 7, 'Pedidos', 'pedidos', '2022-11-30 21:25:27'),
(1215, '::1', 'Chrome - 106.0.0.0', 'admin', 6, 'Productos', 'productos', '2022-11-30 21:25:32'),
(1216, '::1', 'Chrome - 106.0.0.0', 'admin', 6, 'Productos', 'productos', '2022-11-30 21:26:00'),
(1217, '::1', 'Chrome - 106.0.0.0', 'admin', 7, 'Pedidos', 'pedidos', '2022-11-30 21:27:00'),
(1218, '::1', 'Chrome - 106.0.0.0', 'admin', 6, 'Productos', 'productos', '2022-11-30 21:27:03'),
(1219, '::1', 'Chrome - 106.0.0.0', 'admin', 5, 'Usuarios', 'usuarios', '2022-11-30 21:27:05'),
(1220, '::1', 'Chrome - 106.0.0.0', 'admin', 6, 'Productos', 'productos', '2022-11-30 21:27:54'),
(1221, '::1', 'Chrome - 106.0.0.0', 'admin', 7, 'Pedidos', 'pedidos', '2022-11-30 21:27:57'),
(1222, '::1', 'Chrome - 106.0.0.0', 'admin', 4, 'Accesos', 'accesos', '2022-11-30 21:29:12'),
(1223, '::1', 'Chrome - 106.0.0.0', 'admin', 6, 'Productos', 'productos', '2022-11-30 21:31:16'),
(1224, '::1', 'Chrome - 106.0.0.0', 'admin', 7, 'Pedidos', 'pedidos', '2022-11-30 21:37:24'),
(1225, '::1', 'Chrome - 106.0.0.0', 'admin', 6, 'Productos', 'productos', '2022-11-30 21:37:26'),
(1226, '::1', 'Chrome - 106.0.0.0', 'admin', 5, 'Usuarios', 'usuarios', '2022-11-30 22:01:03'),
(1227, '::1', 'Chrome - 106.0.0.0', 'admin', 7, 'Pedidos', 'pedidos', '2022-11-30 22:09:53'),
(1228, '::1', 'Chrome - 106.0.0.0', 'admin', 6, 'Productos', 'productos', '2022-11-30 22:25:06'),
(1229, '::1', 'Chrome - 106.0.0.0', 'admin', 7, 'Pedidos', 'pedidos', '2022-11-30 22:32:48'),
(1230, '::1', 'Chrome - 106.0.0.0', 'admin', 6, 'Productos', 'productos', '2022-11-30 22:33:19'),
(1231, '::1', 'Chrome - 106.0.0.0', 'admin', 2, 'Inicio', 'Inicio', '2022-11-30 22:36:51'),
(1232, '::1', 'Chrome - 106.0.0.0', 'admin', 7, 'Pedidos', 'pedidos', '2022-11-30 22:37:40'),
(1233, '::1', 'Chrome - 106.0.0.0', 'admin', 2, 'Inicio', 'Inicio', '2022-12-01 15:05:34'),
(1234, '::1', 'Chrome - 106.0.0.0', 'admin', 7, 'Pedidos', 'pedidos', '2022-12-01 15:05:40'),
(1235, '::1', 'Chrome - 106.0.0.0', 'admin', 7, 'Pedidos', 'pedidos', '2022-12-01 15:05:43'),
(1236, '::1', 'Chrome - 106.0.0.0', 'admin', 2, 'Inicio', 'Inicio', '2022-12-01 15:09:25'),
(1237, '::1', 'Chrome - 106.0.0.0', 'admin', 6, 'Productos', 'productos', '2022-12-01 15:09:32'),
(1238, '::1', 'Chrome - 106.0.0.0', 'admin', 2, 'Inicio', 'Inicio', '2022-12-01 15:09:40'),
(1239, '::1', 'Chrome - 106.0.0.0', 'admin', 7, 'Pedidos', 'pedidos', '2022-12-01 15:09:44'),
(1240, '::1', 'Chrome - 106.0.0.0', 'admin', 6, 'Productos', 'productos', '2022-12-01 15:09:57'),
(1241, '::1', 'Chrome - 106.0.0.0', 'admin', 7, 'Pedidos', 'pedidos', '2022-12-01 15:10:03'),
(1242, '::1', 'Chrome - 106.0.0.0', 'admin', 5, 'Usuarios', 'usuarios', '2022-12-01 15:10:05'),
(1243, '::1', 'Chrome - 106.0.0.0', 'admin', 2, 'Inicio', 'Inicio', '2022-12-02 11:00:20'),
(1244, '::1', 'Chrome - 106.0.0.0', 'admin', 5, 'Usuarios', 'usuarios', '2022-12-02 11:00:25'),
(1245, '::1', 'Chrome - 106.0.0.0', 'admin', 6, 'Productos', 'productos', '2022-12-02 11:00:41'),
(1246, '::1', 'Chrome - 106.0.0.0', 'admin', 5, 'Usuarios', 'usuarios', '2022-12-02 11:00:46'),
(1247, '::1', 'Chrome - 106.0.0.0', 'admin', 6, 'Productos', 'productos', '2022-12-02 11:00:57'),
(1248, '::1', 'Chrome - 106.0.0.0', 'admin', 7, 'Pedidos', 'pedidos', '2022-12-02 11:01:04'),
(1249, '::1', 'Chrome - 106.0.0.0', 'admin', 7, 'Pedidos', 'pedidos', '2022-12-02 11:01:15'),
(1250, '::1', 'Chrome - 106.0.0.0', 'admin', 5, 'Usuarios', 'usuarios', '2022-12-02 11:03:11'),
(1251, '::1', 'Chrome - 106.0.0.0', 'admin', 6, 'Productos', 'productos', '2022-12-02 11:03:35'),
(1252, '::1', 'Chrome - 106.0.0.0', 'admin', 6, 'Productos', 'productos', '2022-12-02 11:03:46'),
(1253, '::1', 'Chrome - 106.0.0.0', 'admin', 7, 'Pedidos', 'pedidos', '2022-12-02 11:03:58'),
(1254, '::1', 'Chrome - 106.0.0.0', 'admin', 2, 'Inicio', 'Inicio', '2022-12-02 11:09:31'),
(1255, '::1', 'Chrome - 106.0.0.0', 'admin', 2, 'Inicio', 'Inicio', '2022-12-02 11:10:12'),
(1256, '::1', 'Chrome - 106.0.0.0', 'admin', 2, 'Inicio', 'Inicio', '2022-12-02 13:02:15'),
(1257, '::1', 'Chrome - 106.0.0.0', 'admin', 2, 'Inicio', 'Inicio', '2022-12-02 13:02:21'),
(1258, '::1', 'Chrome - 106.0.0.0', 'admin', 5, 'Usuarios', 'usuarios', '2022-12-02 13:02:26'),
(1259, '::1', 'Chrome - 106.0.0.0', 'admin', 6, 'Productos', 'productos', '2022-12-02 13:02:36'),
(1260, '::1', 'Chrome - 106.0.0.0', 'admin', 6, 'Productos', 'productos', '2022-12-02 13:02:46'),
(1261, '::1', 'Chrome - 106.0.0.0', 'admin', 7, 'Pedidos', 'pedidos', '2022-12-02 13:02:51'),
(1262, '::1', 'Chrome - 106.0.0.0', 'admin', 6, 'Productos', 'productos', '2022-12-02 13:03:07'),
(1263, '::1', 'Chrome - 106.0.0.0', 'admin', 7, 'Pedidos', 'pedidos', '2022-12-02 13:03:11'),
(1264, '::1', 'Chrome - 106.0.0.0', 'admin', 2, 'Inicio', 'Inicio', '2022-12-02 13:04:19'),
(1265, '::1', 'Chrome - 106.0.0.0', 'admin', 5, 'Usuarios', 'usuarios', '2022-12-02 13:10:25'),
(1266, '::1', 'Chrome - 106.0.0.0', 'admin', 2, 'Inicio', 'Inicio', '2022-12-02 13:19:15'),
(1267, '::1', 'Chrome - 106.0.0.0', 'admin', 7, 'Pedidos', 'pedidos', '2022-12-02 13:25:12'),
(1268, '::1', 'Chrome - 106.0.0.0', 'admin', 6, 'Productos', 'productos', '2022-12-02 13:25:23'),
(1269, '::1', 'Chrome - 106.0.0.0', 'admin', 5, 'Usuarios', 'usuarios', '2022-12-02 13:25:26'),
(1270, '::1', 'Chrome - 106.0.0.0', 'admin', 6, 'Productos', 'productos', '2022-12-02 13:25:33'),
(1271, '::1', 'Chrome - 106.0.0.0', 'admin', 7, 'Pedidos', 'pedidos', '2022-12-02 13:25:45'),
(1272, '::1', 'Chrome - 106.0.0.0', 'admin', 7, 'Pedidos', 'pedidos', '2022-12-02 13:25:56'),
(1273, '::1', 'Chrome - 106.0.0.0', 'admin', 2, 'Inicio', 'Inicio', '2022-12-02 13:28:52'),
(1274, '::1', 'Chrome - 106.0.0.0', 'admin', 2, 'Inicio', 'Inicio', '2022-12-10 00:21:11'),
(1275, '::1', 'Chrome - 106.0.0.0', 'admin', 6, 'Productos', 'productos', '2022-12-10 00:21:36'),
(1276, '::1', 'Chrome - 106.0.0.0', 'admin', 4, 'Accesos', 'accesos', '2022-12-10 00:21:38'),
(1277, '::1', 'Chrome - 106.0.0.0', 'admin', 5, 'Usuarios', 'usuarios', '2022-12-10 00:21:39'),
(1278, '::1', 'Chrome - 106.0.0.0', 'admin', 7, 'Pedidos', 'pedidos', '2022-12-10 00:26:30'),
(1279, '::1', 'Chrome - 106.0.0.0', 'admin', 7, 'Pedidos', 'pedidos', '2022-12-10 00:26:44'),
(1280, '::1', 'Chrome - 106.0.0.0', 'admin', 2, 'Inicio', 'Inicio', '2022-12-10 00:31:19'),
(1281, '::1', 'Chrome - 106.0.0.0', 'admin', 6, 'Productos', 'productos', '2022-12-10 00:31:44'),
(1282, '::1', 'Chrome - 106.0.0.0', 'admin', 7, 'Pedidos', 'pedidos', '2022-12-10 00:31:47'),
(1283, '::1', 'Chrome - 106.0.0.0', 'admin', 6, 'Productos', 'productos', '2022-12-10 00:31:49'),
(1284, '::1', 'Chrome - 106.0.0.0', 'admin', 5, 'Usuarios', 'usuarios', '2022-12-10 00:37:39'),
(1285, '::1', 'Chrome - 106.0.0.0', 'admin', 2, 'Inicio', 'Inicio', '2022-12-10 00:39:16'),
(1286, '::1', 'Chrome - 106.0.0.0', 'admin', 7, 'Pedidos', 'pedidos', '2022-12-10 00:59:45'),
(1287, '::1', 'Chrome - 106.0.0.0', 'admin', 2, 'Inicio', 'Inicio', '2022-12-10 00:59:47'),
(1288, '::1', 'Chrome - 106.0.0.0', 'admin', 2, 'Inicio', 'Inicio', '2022-12-10 01:00:27'),
(1289, '::1', 'Chrome - 106.0.0.0', 'admin', 6, 'Productos', 'productos', '2022-12-10 01:00:59'),
(1290, '::1', 'Chrome - 106.0.0.0', 'admin', 6, 'Productos', 'productos', '2022-12-10 01:01:14'),
(1291, '::1', 'Chrome - 106.0.0.0', 'admin', 6, 'Productos', 'productos', '2022-12-10 01:06:58'),
(1292, '::1', 'Chrome - 106.0.0.0', 'admin', 6, 'Productos', 'productos', '2022-12-10 01:09:42'),
(1293, '::1', 'Chrome - 106.0.0.0', 'admin', 7, 'Pedidos', 'pedidos', '2022-12-10 01:14:31'),
(1294, '::1', 'Chrome - 106.0.0.0', 'admin', 4, 'Accesos', 'accesos', '2022-12-10 01:17:52'),
(1295, '::1', 'Chrome - 106.0.0.0', 'admin', 5, 'Usuarios', 'usuarios', '2022-12-10 01:17:58'),
(1296, '::1', 'Chrome - 106.0.0.0', 'admin', 4, 'Accesos', 'accesos', '2022-12-10 01:18:45'),
(1297, '::1', 'Chrome - 106.0.0.0', 'admin', 5, 'Usuarios', 'usuarios', '2022-12-10 01:18:56'),
(1298, '::1', 'Chrome - 106.0.0.0', 'admin', 4, 'Accesos', 'accesos', '2022-12-10 01:29:42'),
(1299, '::1', 'Chrome - 106.0.0.0', 'admin', 7, 'Pedidos', 'pedidos', '2022-12-10 01:33:38'),
(1300, '::1', 'Chrome - 106.0.0.0', 'admin', 7, 'Pedidos', 'pedidos', '2022-12-10 01:42:52'),
(1301, '::1', 'Chrome - 106.0.0.0', 'admin', 2, 'Inicio', 'Inicio', '2022-12-10 14:12:22'),
(1302, '::1', 'Chrome - 106.0.0.0', 'admin', 6, 'Productos', 'productos', '2022-12-10 14:12:25'),
(1303, '::1', 'Chrome - 106.0.0.0', 'admin', 2, 'Inicio', 'Inicio', '2022-12-10 17:05:16'),
(1304, '::1', 'Chrome - 106.0.0.0', 'admin', 6, 'Productos', 'productos', '2022-12-10 17:05:27'),
(1305, '::1', 'Chrome - 106.0.0.0', 'admin', 2, 'Inicio', 'Inicio', '2022-12-10 19:12:26'),
(1306, '::1', 'Chrome - 106.0.0.0', 'admin', 6, 'Productos', 'productos', '2022-12-10 19:12:42'),
(1307, '::1', 'Chrome - 106.0.0.0', 'admin', 7, 'Pedidos', 'pedidos', '2022-12-10 19:13:00'),
(1308, '::1', 'Chrome - 106.0.0.0', 'admin', 5, 'Usuarios', 'usuarios', '2022-12-10 19:13:53'),
(1309, '::1', 'Chrome - 106.0.0.0', 'admin', 4, 'Accesos', 'accesos', '2022-12-10 19:14:26'),
(1310, '::1', 'Chrome - 106.0.0.0', 'admin', 4, 'Accesos', 'accesos', '2022-12-10 19:14:46'),
(1311, '::1', 'Chrome - 106.0.0.0', 'admin', 4, 'Accesos', 'accesos', '2022-12-10 19:14:55'),
(1312, '::1', 'Chrome - 106.0.0.0', 'admin', 2, 'Inicio', 'Inicio', '2022-12-10 19:15:04'),
(1313, '::1', 'Chrome - 106.0.0.0', 'admin', 6, 'Productos', 'productos', '2022-12-10 19:15:43'),
(1314, '::1', 'Chrome - 106.0.0.0', 'admin', 7, 'Pedidos', 'pedidos', '2022-12-10 19:15:44'),
(1315, '::1', 'Chrome - 106.0.0.0', 'admin', 5, 'Usuarios', 'usuarios', '2022-12-10 19:16:25'),
(1316, '::1', 'Chrome - 106.0.0.0', 'admin', 7, 'Pedidos', 'pedidos', '2022-12-10 19:16:37'),
(1317, '::1', 'Chrome - 106.0.0.0', 'admin', 2, 'Inicio', 'Inicio', '2022-12-10 19:16:51'),
(1318, '::1', 'Chrome - 106.0.0.0', 'admin', 2, 'Inicio', 'Inicio', '2022-12-10 19:17:08'),
(1319, '::1', 'Chrome - 106.0.0.0', 'admin', 7, 'Pedidos', 'pedidos', '2022-12-10 19:17:29'),
(1320, '::1', 'Chrome - 106.0.0.0', 'admin', 2, 'Inicio', 'Inicio', '2022-12-10 19:19:36'),
(1321, '::1', 'Chrome - 106.0.0.0', 'admin', 2, 'Inicio', 'Inicio', '2022-12-12 22:43:41'),
(1322, '::1', 'Chrome - 106.0.0.0', 'admin', 5, 'Usuarios', 'usuarios', '2022-12-12 22:43:52'),
(1323, '::1', 'Chrome - 106.0.0.0', 'admin', 4, 'Accesos', 'accesos', '2022-12-12 23:09:33'),
(1324, '::1', 'Chrome - 106.0.0.0', 'admin', 2, 'Inicio', 'Inicio', '2022-12-12 23:36:12'),
(1325, '::1', 'Chrome - 106.0.0.0', 'admin', 6, 'Productos', 'productos', '2022-12-12 23:36:23'),
(1326, '::1', 'Chrome - 106.0.0.0', 'admin', 5, 'Usuarios', 'usuarios', '2022-12-12 23:40:06'),
(1327, '::1', 'Chrome - 106.0.0.0', 'admin', 6, 'Productos', 'productos', '2022-12-13 00:07:09'),
(1328, '::1', 'Chrome - 106.0.0.0', 'admin', 5, 'Usuarios', 'usuarios', '2022-12-13 00:55:35'),
(1329, '::1', 'Chrome - 106.0.0.0', 'admin', 7, 'Pedidos', 'pedidos', '2022-12-13 01:04:20'),
(1330, '::1', 'Chrome - 106.0.0.0', 'admin', 6, 'Productos', 'productos', '2022-12-13 01:21:20'),
(1331, '::1', 'Chrome - 106.0.0.0', 'admin', 7, 'Pedidos', 'pedidos', '2022-12-13 01:21:21'),
(1332, '::1', 'Chrome - 107.0.0.0', 'admin', 2, 'Inicio', 'Inicio', '2022-12-13 22:09:15'),
(1333, '::1', 'Chrome - 107.0.0.0', 'admin', 6, 'Productos', 'productos', '2022-12-13 22:53:38'),
(1334, '::1', 'Chrome - 107.0.0.0', 'admin', 2, 'Inicio', 'Inicio', '2022-12-14 00:16:41'),
(1335, '::1', 'Chrome - 107.0.0.0', 'admin', 6, 'Productos', 'productos', '2022-12-14 00:16:43'),
(1336, '::1', 'Chrome - 107.0.0.0', 'admin', 7, 'Pedidos', 'pedidos', '2022-12-14 00:16:51'),
(1337, '::1', 'Chrome - 107.0.0.0', 'admin', 6, 'Productos', 'productos', '2022-12-14 00:17:26'),
(1338, '::1', 'Chrome - 107.0.0.0', 'admin', 7, 'Pedidos', 'pedidos', '2022-12-14 00:27:58'),
(1339, '::1', 'Chrome - 107.0.0.0', 'admin', 5, 'Usuarios', 'usuarios', '2022-12-14 00:56:55'),
(1340, '::1', 'Chrome - 107.0.0.0', 'admin', 5, 'Usuarios', 'usuarios', '2022-12-14 01:07:23');

-- --------------------------------------------------------

--
-- Estructura de tabla para la tabla `menu`
--

CREATE TABLE `menu` (
  `idmenu` int(11) NOT NULL,
  `nombre` varchar(50) NOT NULL,
  `idpadre` int(11) DEFAULT NULL,
  `estado` varchar(10) NOT NULL,
  `ventana` varchar(30) DEFAULT NULL,
  `framework` varchar(150) DEFAULT NULL,
  `orden` int(11) NOT NULL,
  `es_menu` char(2) NOT NULL,
  `icono` varchar(50) NOT NULL,
  `usuario_actualizacion` varchar(50) DEFAULT NULL,
  `fecha_actualizacion` datetime DEFAULT NULL,
  `usuario_creacion` varchar(50) NOT NULL,
  `fecha_creacion` datetime NOT NULL
) ENGINE=InnoDB DEFAULT CHARSET=utf8mb4;

--
-- Volcado de datos para la tabla `menu`
--

INSERT INTO `menu` (`idmenu`, `nombre`, `idpadre`, `estado`, `ventana`, `framework`, `orden`, `es_menu`, `icono`, `usuario_actualizacion`, `fecha_actualizacion`, `usuario_creacion`, `fecha_creacion`) VALUES
(1, 'Men칰', NULL, 'ACTIVO', NULL, NULL, 1, 'SI', 'glyphicon-home', NULL, NULL, 'admin', '2022-11-22 15:09:35'),
(2, 'Inicio', 1, 'ACTIVO', 'Inicio', 'jquery,bootstrap,highcharts', 1, 'NO', ' glyphicon-star', NULL, NULL, 'admin', '2022-11-22 15:12:33'),
(3, 'Configuracion', NULL, 'ACTIVO', NULL, NULL, 2, 'SI', 'glyphicon-cog', NULL, NULL, 'admin', '2022-11-23 11:21:23'),
(4, 'Accesos', 3, 'ACTIVO', 'accesos', 'jquery,bootstrap,jquery-treeview,chosen', 1, 'NO', 'glyphicon-list-alt', NULL, NULL, 'admin', '2022-11-23 11:27:18'),
(5, 'Usuarios', 3, 'ACTIVO', 'usuarios', 'jquery,bootstrap,datatables', 2, 'NO', ' glyphicon-user', NULL, NULL, 'admin', '2022-11-25 01:11:32'),
(6, 'Productos', 1, 'ACTIVO', 'productos', 'jquery,bootstrap,datatables', 2, 'NO', 'glyphicon-picture', NULL, NULL, 'admin', '2022-11-26 13:29:41'),
(7, 'Pedidos', 1, 'ACTIVO', 'pedidos', 'jquery,bootstrap,datatables', 3, 'NO', 'glyphicon-file', NULL, NULL, 'admin', '2022-11-26 18:40:58');

-- --------------------------------------------------------

--
-- Estructura de tabla para la tabla `parametros`
--

CREATE TABLE `parametros` (
  `parametro` varchar(50) NOT NULL,
  `nombre` varchar(100) NOT NULL,
  `descripcion` varchar(250) NOT NULL,
  `valor` varchar(250) NOT NULL,
  `usuario_actualizacion` varchar(50) DEFAULT NULL,
  `fecha_actualizacion` datetime DEFAULT NULL,
  `usuario_creacion` varchar(50) NOT NULL,
  `fecha_creacion` datetime NOT NULL
) ENGINE=InnoDB DEFAULT CHARSET=utf8mb4;

--
-- Volcado de datos para la tabla `parametros`
--

INSERT INTO `parametros` (`parametro`, `nombre`, `descripcion`, `valor`, `usuario_actualizacion`, `fecha_actualizacion`, `usuario_creacion`, `fecha_creacion`) VALUES
('claveusuario', 'clave usuario', 'clave que se establecer치 al crear un usuario', '12345', NULL, NULL, 'admin', '2022-11-25 15:27:34'),
('impuesto', 'IMPUESTO', 'IMPUESTO', '19', NULL, NULL, 'admin', '2022-11-26 20:33:41'),
('paginadefecto', 'PAGINA DEFECTO', 'pagina por defecto', 'inicio', NULL, NULL, 'admin', '2022-11-22 10:56:45'),
('timeout', 'TIME OUT', 'Tiempo m치ximo sin realizar acciones en minutos', '60', NULL, NULL, '', '2022-11-22 10:48:02'),
('webversion', 'WEB VERSION', 'sirve para el caching de los javascript, css', '8', NULL, NULL, 'admin', '2022-11-21 23:05:57');

-- --------------------------------------------------------

--
-- Estructura de tabla para la tabla `pedidos_cabecera`
--

CREATE TABLE `pedidos_cabecera` (
  `idpedcab` int(11) NOT NULL,
  `vendedor` varchar(50) NOT NULL,
  `cliente` varchar(50) NOT NULL,
  `direccion` varchar(250) NOT NULL,
  `subtotal` double(10,0) NOT NULL,
  `valor_impuesto` double(10,0) NOT NULL,
  `total` double(10,0) NOT NULL,
  `estado` varchar(20) NOT NULL,
  `numero_factura` int(11) DEFAULT NULL,
  `error_servicio` text DEFAULT NULL,
  `usuario_actualizacion` varchar(50) DEFAULT NULL,
  `fecha_actualizacion` datetime DEFAULT NULL,
  `usuario_creacion` varchar(50) NOT NULL,
  `fecha_creacion` int(11) NOT NULL
) ENGINE=InnoDB DEFAULT CHARSET=utf8mb4;

--
-- Volcado de datos para la tabla `pedidos_cabecera`
--

INSERT INTO `pedidos_cabecera` (`idpedcab`, `vendedor`, `cliente`, `direccion`, `subtotal`, `valor_impuesto`, `total`, `estado`, `numero_factura`, `error_servicio`, `usuario_actualizacion`, `fecha_actualizacion`, `usuario_creacion`, `fecha_creacion`) VALUES
(5, 'admin', 'elguru', 'probando', 220000, 41800, 261800, 'CREADO', NULL, NULL, NULL, NULL, 'admin', 2147483647),
(6, 'admin', 'elguru', 'Duoc UC San Joaqu칤n', 228990, 41800, 270790, 'CREADO', NULL, 'Referencia a cadena no establecida como una instancia de cadena.\nNombre del par?metro: s', NULL, NULL, 'admin', 2147483647),
(7, 'admin', 'elgaru', 'san joaquin', 24990, 0, 24990, 'CANCELADO', NULL, NULL, NULL, NULL, 'admin', 2147483647),
(8, 'admin', 'nico', 'ciudad del sol', 525000, 99750, 624750, 'CANCELADO', NULL, 'Referencia a cadena no establecida como una instancia de cadena.\nNombre del par?metro: s', NULL, NULL, 'admin', 2147483647),
(9, 'admin', 'do침a', 'la pintana', 145000, 27550, 172550, 'CANCELADO', NULL, NULL, NULL, NULL, 'admin', 2147483647),
(10, 'admin', 'do침a', 'kiki', 220000, 41800, 261800, 'CANCELADO', NULL, NULL, NULL, NULL, 'admin', 2147483647),
(11, 'admin', 'do침a', 'm', 6990, 0, 6990, 'CREADO', NULL, 'Referencia a cadena no establecida como una instancia de cadena.\nNombre del par?metro: s', NULL, NULL, 'admin', 2147483647),
(12, 'admin', 'elguru', 'el guru 232', 8990, 0, 8990, 'CREADO', NULL, 'Referencia a cadena no establecida como una instancia de cadena.\nNombre del par?metro: s', NULL, NULL, 'admin', 2147483647),
(13, 'admin', 'nico', 'hola', 8990, 0, 8990, 'FACTURADO', 1, NULL, NULL, NULL, 'admin', 2147483647),
(14, 'admin', 'kayden', 'pedro aguirre cerda', 145000, 27550, 172550, 'FACTURADO', 2, NULL, NULL, NULL, 'admin', 2147483647);

-- --------------------------------------------------------

--
-- Estructura de tabla para la tabla `pedidos_detalle`
--

CREATE TABLE `pedidos_detalle` (
  `idpeddet` int(11) NOT NULL,
  `idpedcab` int(11) NOT NULL,
  `idproducto` int(11) NOT NULL,
  `precio` int(11) NOT NULL,
  `cantidad` int(11) NOT NULL,
  `subtotal` double(10,0) NOT NULL,
  `impuesto` int(11) NOT NULL,
  `valor_impuesto` double(10,0) NOT NULL,
  `total` double(10,0) NOT NULL,
  `usuario_actualizacion` varchar(50) DEFAULT NULL,
  `fecha_actualizacion` datetime DEFAULT NULL,
  `usuario_creacion` varchar(50) NOT NULL,
  `fecha_creacion` datetime NOT NULL
) ENGINE=InnoDB DEFAULT CHARSET=utf8mb4;

--
-- Volcado de datos para la tabla `pedidos_detalle`
--

INSERT INTO `pedidos_detalle` (`idpeddet`, `idpedcab`, `idproducto`, `precio`, `cantidad`, `subtotal`, `impuesto`, `valor_impuesto`, `total`, `usuario_actualizacion`, `fecha_actualizacion`, `usuario_creacion`, `fecha_creacion`) VALUES
(1, 1, 1, 2500, 1, 2500, 0, 0, 2500, NULL, NULL, 'admin', '2022-11-26 19:42:06'),
(3, 3, 1, 2500, 1, 2500, 0, 0, 2500, NULL, NULL, 'admin', '2022-11-26 21:10:59'),
(4, 3, 2, 2000, 1, 2000, 0, 0, 2000, NULL, NULL, 'admin', '2022-11-26 21:10:59'),
(5, 4, 4, 50000, 1, 50000, 0, 0, 50000, NULL, NULL, 'admin', '2022-11-26 21:30:02'),
(6, 5, 1, 220000, 1, 220000, 19, 41800, 261800, NULL, NULL, 'admin', '2022-11-27 13:18:53'),
(7, 6, 1, 220000, 1, 220000, 19, 41800, 261800, NULL, NULL, 'admin', '2022-11-27 14:02:48'),
(8, 6, 6, 8990, 1, 8990, 0, 0, 8990, NULL, NULL, 'admin', '2022-11-27 14:02:48'),
(9, 7, 9, 24990, 1, 24990, 0, 0, 24990, NULL, NULL, 'admin', '2022-11-27 14:50:56'),
(10, 8, 5, 175000, 3, 525000, 19, 99750, 624750, NULL, NULL, 'admin', '2022-11-27 23:14:14'),
(11, 9, 2, 145000, 1, 145000, 19, 27550, 172550, NULL, NULL, 'admin', '2022-11-28 11:39:31'),
(12, 10, 1, 220000, 1, 220000, 19, 41800, 261800, NULL, NULL, 'admin', '2022-11-28 17:39:44'),
(13, 11, 7, 6990, 1, 6990, 0, 0, 6990, NULL, NULL, 'admin', '2022-11-30 00:38:46'),
(14, 12, 6, 8990, 1, 8990, 0, 0, 8990, NULL, NULL, 'admin', '2022-11-30 01:08:30'),
(15, 13, 6, 8990, 1, 8990, 0, 0, 8990, NULL, NULL, 'admin', '2022-12-01 15:06:14'),
(16, 14, 2, 145000, 1, 145000, 19, 27550, 172550, NULL, NULL, 'admin', '2022-12-02 11:05:11');

-- --------------------------------------------------------

--
-- Estructura de tabla para la tabla `productos`
--

CREATE TABLE `productos` (
  `idproducto` int(11) NOT NULL,
  `nombre` varchar(150) NOT NULL,
  `descripcion` varchar(250) NOT NULL,
  `estado` char(10) NOT NULL,
  `impuesto` char(2) NOT NULL,
  `precio` double(10,0) NOT NULL,
  `stock` int(11) NOT NULL,
  `usuario_actualizacion` varchar(50) DEFAULT NULL,
  `fecha_actualizacion` datetime DEFAULT NULL,
  `usuario_creacion` varchar(50) NOT NULL,
  `fecha_creacion` datetime NOT NULL
) ENGINE=InnoDB DEFAULT CHARSET=utf8mb4;

--
-- Volcado de datos para la tabla `productos`
--

INSERT INTO `productos` (`idproducto`, `nombre`, `descripcion`, `estado`, `impuesto`, `precio`, `stock`, `usuario_actualizacion`, `fecha_actualizacion`, `usuario_creacion`, `fecha_creacion`) VALUES
(1, 'Guitarra el칠ctrica', 'Guitarra El칠ctrica Yamaha ERG121GPII-Black', 'ACTIVO', 'SI', 220000, 13, 'admin', '2022-12-13 00:13:31', 'admin', '2022-11-26 16:59:54'),
(2, 'guitarra acustica', '\r\nNuevo\r\nGuitarra ac칰stica Epiphone Limited Edition FT-100', 'ACTIVO', 'SI', 145000, 9, 'admin', '2022-12-02 11:05:11', 'admin', '2022-11-26 17:04:44'),
(5, 'Guitarra electroac칰stica', 'Guitarra Ibanez PF15LECE', 'ACTIVO', 'SI', 175000, 8, 'admin', '2022-11-29 23:30:48', 'admin', '2022-11-27 13:40:41'),
(6, 'Set Cuerda de guitarra El칠ctrica', 'Cuerdas guitarra el칠ctrica Ernie Ball P02221 NICKL REGLR SLINKY', 'ACTIVO', 'NO', 8990, 17, 'admin', '2022-12-01 15:06:14', 'admin', '2022-11-27 13:47:54'),
(7, 'Set cuerdas de guitarra Ac칰stica', 'Set de cuerdas Ernie Ball para guitarra Folk P02550 10/50', 'ACTIVO', 'NO', 6990, 7, 'admin', '2022-11-30 00:38:46', 'admin', '2022-11-27 13:51:03'),
(8, 'Funda de guitarra Ac칰stica', 'Funda de guitarra ac칰stica color negro Rockbag RB20534B', 'ACTIVO', 'NO', 14990, 15, NULL, NULL, 'admin', '2022-11-27 13:56:07'),
(9, 'Funda para guitarra el칠ctrica', 'Funda Para Guitarra El칠ctrica Rockbag Rb20506b Negra', 'ACTIVO', 'NO', 24990, 1, 'admin', '2022-11-27 14:51:52', 'admin', '2022-11-27 13:58:54'),
(10, 'a', 'probando', 'ACTIVO', 'SI', 1, 0, 'admin', '2022-12-13 00:32:29', 'admin', '2022-12-13 00:13:54');

-- --------------------------------------------------------

--
-- Estructura de tabla para la tabla `usuarios`
--

CREATE TABLE `usuarios` (
  `usuario` varchar(50) NOT NULL,
  `nombre` varchar(100) NOT NULL,
  `email` varchar(50) NOT NULL,
  `clave` varchar(250) NOT NULL,
  `tipo_usuario` varchar(50) NOT NULL,
  `usuario_actualizacion` varchar(50) DEFAULT NULL,
  `fecha_actualizacion` datetime DEFAULT NULL,
  `usuario_creacion` varchar(50) NOT NULL,
  `fecha_creacion` datetime NOT NULL
) ENGINE=InnoDB DEFAULT CHARSET=utf8mb4;

--
-- Volcado de datos para la tabla `usuarios`
--

INSERT INTO `usuarios` (`usuario`, `nombre`, `email`, `clave`, `tipo_usuario`, `usuario_actualizacion`, `fecha_actualizacion`, `usuario_creacion`, `fecha_creacion`) VALUES
('admin', 'administrador', 'admin@gmail.com', 'c80cff134da3185475daaff865759b5afa89fc137843b97c8f8ff0c56720312a535c44348c6bbc913a1a3d791c30cd387d912d40472a7e9d41d8464a925a275c', 'ADMINISTRADOR', 'admin', '2022-11-26 13:22:42', 'admin', '2022-11-21 22:24:05'),
('basti', 'bastian', 'bastian@gmail.com', 'c80cff134da3185475daaff865759b5afa89fc137843b97c8f8ff0c56720312a535c44348c6bbc913a1a3d791c30cd387d912d40472a7e9d41d8464a925a275c', 'CLIENTE', NULL, NULL, 'admin', '2022-12-10 19:14:08'),
('do침a', 'barbara', 'dona@gmail.com', 'c80cff134da3185475daaff865759b5afa89fc137843b97c8f8ff0c56720312a535c44348c6bbc913a1a3d791c30cd387d912d40472a7e9d41d8464a925a275c', 'CLIENTE', NULL, NULL, 'admin', '2022-11-28 11:38:19'),
('elguru', 'el guru', 'elguru@gmail.com', 'c80cff134da3185475daaff865759b5afa89fc137843b97c8f8ff0c56720312a535c44348c6bbc913a1a3d791c30cd387d912d40472a7e9d41d8464a925a275c', 'CLIENTE', 'admin', '2022-11-26 13:22:48', 'admin', '2022-11-26 00:13:26'),
('kayden', 'javiera', 'javiera@gmail.com', 'c80cff134da3185475daaff865759b5afa89fc137843b97c8f8ff0c56720312a535c44348c6bbc913a1a3d791c30cd387d912d40472a7e9d41d8464a925a275c', 'CLIENTE', NULL, NULL, 'admin', '2022-12-02 11:03:28'),
('nico', 'nikotey', 'nikotey@gmail.com', 'c80cff134da3185475daaff865759b5afa89fc137843b97c8f8ff0c56720312a535c44348c6bbc913a1a3d791c30cd387d912d40472a7e9d41d8464a925a275c', 'CLIENTE', NULL, NULL, 'admin', '2022-11-27 23:12:07'),
('seba', 'Sebastian Hurtado', 'seba@gmail.com', 'c80cff134da3185475daaff865759b5afa89fc137843b97c8f8ff0c56720312a535c44348c6bbc913a1a3d791c30cd387d912d40472a7e9d41d8464a925a275c', 'VENDEDOR', 'admin', '2022-11-26 13:22:56', 'admin', '2022-11-21 22:24:05');

-- --------------------------------------------------------

--
-- Estructura de tabla para la tabla `usuarios_accesos`
--

CREATE TABLE `usuarios_accesos` (
  `idmenu` int(11) NOT NULL,
  `usuario` varchar(50) NOT NULL,
  `usuario_creacion` varchar(50) NOT NULL,
  `fecha_creacion` datetime NOT NULL
) ENGINE=InnoDB DEFAULT CHARSET=utf8mb4;

--
-- Volcado de datos para la tabla `usuarios_accesos`
--

INSERT INTO `usuarios_accesos` (`idmenu`, `usuario`, `usuario_creacion`, `fecha_creacion`) VALUES
(1, 'admin', 'admin', '2022-12-12 23:16:56'),
(2, 'admin', 'admin', '2022-12-12 23:16:56'),
(3, 'admin', 'admin', '2022-12-12 23:16:56'),
(4, 'admin', 'admin', '2022-12-12 23:16:56'),
(5, 'admin', 'admin', '2022-12-12 23:16:56'),
(6, 'admin', 'admin', '2022-12-12 23:16:56'),
(7, 'admin', 'admin', '2022-12-12 23:16:56');

--
-- 칈ndices para tablas volcadas
--

--
-- Indices de la tabla `carrito`
--
ALTER TABLE `carrito`
  ADD UNIQUE KEY `clave_unica` (`vendedor`,`cliente`,`idproducto`);

--
-- Indices de la tabla `log_menu`
--
ALTER TABLE `log_menu`
  ADD PRIMARY KEY (`idlogmenu`);

--
-- Indices de la tabla `menu`
--
ALTER TABLE `menu`
  ADD PRIMARY KEY (`idmenu`);

--
-- Indices de la tabla `parametros`
--
ALTER TABLE `parametros`
  ADD UNIQUE KEY `parametro` (`parametro`);

--
-- Indices de la tabla `pedidos_cabecera`
--
ALTER TABLE `pedidos_cabecera`
  ADD PRIMARY KEY (`idpedcab`);

--
-- Indices de la tabla `pedidos_detalle`
--
ALTER TABLE `pedidos_detalle`
  ADD PRIMARY KEY (`idpeddet`);

--
-- Indices de la tabla `productos`
--
ALTER TABLE `productos`
  ADD PRIMARY KEY (`idproducto`);

--
-- Indices de la tabla `usuarios`
--
ALTER TABLE `usuarios`
  ADD UNIQUE KEY `usuario` (`usuario`),
  ADD UNIQUE KEY `email` (`email`);

--
-- Indices de la tabla `usuarios_accesos`
--
ALTER TABLE `usuarios_accesos`
  ADD UNIQUE KEY `IDMENU_USUARIO` (`idmenu`,`usuario`);

--
-- AUTO_INCREMENT de las tablas volcadas
--

--
-- AUTO_INCREMENT de la tabla `log_menu`
--
ALTER TABLE `log_menu`
  MODIFY `idlogmenu` int(11) NOT NULL AUTO_INCREMENT, AUTO_INCREMENT=1341;

--
-- AUTO_INCREMENT de la tabla `menu`
--
ALTER TABLE `menu`
  MODIFY `idmenu` int(11) NOT NULL AUTO_INCREMENT, AUTO_INCREMENT=8;

--
-- AUTO_INCREMENT de la tabla `pedidos_cabecera`
--
ALTER TABLE `pedidos_cabecera`
  MODIFY `idpedcab` int(11) NOT NULL AUTO_INCREMENT, AUTO_INCREMENT=15;

--
-- AUTO_INCREMENT de la tabla `pedidos_detalle`
--
ALTER TABLE `pedidos_detalle`
  MODIFY `idpeddet` int(11) NOT NULL AUTO_INCREMENT, AUTO_INCREMENT=17;

--
-- AUTO_INCREMENT de la tabla `productos`
--
ALTER TABLE `productos`
  MODIFY `idproducto` int(11) NOT NULL AUTO_INCREMENT, AUTO_INCREMENT=11;
COMMIT;

/*!40101 SET CHARACTER_SET_CLIENT=@OLD_CHARACTER_SET_CLIENT */;
/*!40101 SET CHARACTER_SET_RESULTS=@OLD_CHARACTER_SET_RESULTS */;
/*!40101 SET COLLATION_CONNECTION=@OLD_COLLATION_CONNECTION */;
